solid exported
	facet normal 0.07473032426656183 2.221638692968481e-18 -0.9972037798940669
		outer loop
			vertex -0.00048438736121170223 -0.00930000003427267 0.0032137001398950815
			vertex 0 0.0044999998062849045 0.0032500000670552254
			vertex 4.1025666501034857e-19 -0.00930000003427267 0.0032500000670552254
		endloop
	endfacet
	facet normal 0.07473032426656188 0 -0.9972037798940668
		outer loop
			vertex -0.00048438736121170223 -0.00930000003427267 0.0032137001398950815
			vertex -0.00048438736121170223 0.0044999998062849045 0.0032137001398950815
			vertex 0 0.0044999998062849045 0.0032500000670552254
		endloop
	endfacet
	facet normal 0.22252099301841008 0 -0.9749278987012838
		outer loop
			vertex -0.0009579543257132173 -0.00930000003427267 0.00310561154037714
			vertex -0.0009579543257132173 0.0044999998062849045 0.00310561154037714
			vertex -0.00048438736121170223 0.0044999998062849045 0.0032137001398950815
		endloop
	endfacet
	facet normal 0.22252099301841008 0 -0.9749278987012838
		outer loop
			vertex -0.0009579543257132173 -0.00930000003427267 0.00310561154037714
			vertex -0.00048438736121170223 0.0044999998062849045 0.0032137001398950815
			vertex -0.00048438736121170223 -0.00930000003427267 0.0032137001398950815
		endloop
	endfacet
	facet normal 0.36534107058687504 0 -0.9308737305040014
		outer loop
			vertex -0.0014101221458986402 -0.00930000003427267 0.0029281487222760916
			vertex -0.0014101221458986402 0.0044999998062849045 0.0029281487222760916
			vertex -0.0009579543257132173 0.0044999998062849045 0.00310561154037714
		endloop
	endfacet
	facet normal 0.36534107058687504 0 -0.9308737305040014
		outer loop
			vertex -0.0014101221458986402 -0.00930000003427267 0.0029281487222760916
			vertex -0.0009579543257132173 0.0044999998062849045 0.00310561154037714
			vertex -0.0009579543257132173 -0.00930000003427267 0.00310561154037714
		endloop
	endfacet
	facet normal 0.4999997216486161 0 -0.8660255644906256
		outer loop
			vertex -0.0018307901918888092 -0.00930000003427267 0.0026852760929614305
			vertex -0.0018307901918888092 0.0044999998062849045 0.0026852760929614305
			vertex -0.0014101221458986402 0.0044999998062849045 0.0029281487222760916
		endloop
	endfacet
	facet normal 0.4999997216486161 0 -0.8660255644906256
		outer loop
			vertex -0.0018307901918888092 -0.00930000003427267 0.0026852760929614305
			vertex -0.0014101221458986402 0.0044999998062849045 0.0029281487222760916
			vertex -0.0014101221458986402 -0.00930000003427267 0.0029281487222760916
		endloop
	endfacet
	facet normal 0.6234898510894888 0 -0.7818314432078102
		outer loop
			vertex -0.0022105614189058542 -0.00930000003427267 0.002382418606430292
			vertex -0.0022105614189058542 0.0044999998062849045 0.002382418606430292
			vertex -0.0018307901918888092 0.0044999998062849045 0.0026852760929614305
		endloop
	endfacet
	facet normal 0.6234898510894888 0 -0.7818314432078102
		outer loop
			vertex -0.0022105614189058542 -0.00930000003427267 0.002382418606430292
			vertex -0.0018307901918888092 0.0044999998062849045 0.0026852760929614305
			vertex -0.0018307901918888092 -0.00930000003427267 0.0026852760929614305
		endloop
	endfacet
	facet normal 0.7330519413959554 0 -0.6801726627964556
		outer loop
			vertex -0.002540952293202281 -0.00930000003427267 0.0020263418555259705
			vertex -0.002540952293202281 0.0044999998062849045 0.0020263418555259705
			vertex -0.0022105614189058542 0.0044999998062849045 0.002382418606430292
		endloop
	endfacet
	facet normal 0.7330519413959554 0 -0.6801726627964556
		outer loop
			vertex -0.002540952293202281 -0.00930000003427267 0.0020263418555259705
			vertex -0.0022105614189058542 0.0044999998062849045 0.002382418606430292
			vertex -0.0022105614189058542 -0.00930000003427267 0.002382418606430292
		endloop
	endfacet
	facet normal 0.8262387410047443 0 -0.5633201069222501
		outer loop
			vertex -0.002814582549035549 -0.00930000003427267 0.0016250000335276127
			vertex -0.002814582549035549 0.0044999998062849045 0.0016250000335276127
			vertex -0.002540952293202281 0.0044999998062849045 0.0020263418555259705
		endloop
	endfacet
	facet normal 0.8262387410047443 0 -0.5633201069222501
		outer loop
			vertex -0.002814582549035549 -0.00930000003427267 0.0016250000335276127
			vertex -0.002540952293202281 0.0044999998062849045 0.0020263418555259705
			vertex -0.002540952293202281 -0.00930000003427267 0.0020263418555259705
		endloop
	endfacet
	facet normal 0.9009688872516124 0 -0.4338836989385421
		outer loop
			vertex -0.0030253396835178137 -0.00930000003427267 0.001187358284369111
			vertex -0.0030253396835178137 0.0044999998062849045 0.001187358284369111
			vertex -0.002814582549035549 0.0044999998062849045 0.0016250000335276127
		endloop
	endfacet
	facet normal 0.9009688872516124 0 -0.4338836989385421
		outer loop
			vertex -0.0030253396835178137 -0.00930000003427267 0.001187358284369111
			vertex -0.002814582549035549 0.0044999998062849045 0.0016250000335276127
			vertex -0.002814582549035549 -0.00930000003427267 0.0016250000335276127
		endloop
	endfacet
	facet normal 0.9555728454233 0 -0.2947550459103597
		outer loop
			vertex -0.0031685156282037497 -0.00930000003427267 0.0007231930503621697
			vertex -0.0031685156282037497 0.0044999998062849045 0.0007231930503621697
			vertex -0.0030253396835178137 0.0044999998062849045 0.001187358284369111
		endloop
	endfacet
	facet normal 0.9555728454233 0 -0.2947550459103597
		outer loop
			vertex -0.0031685156282037497 -0.00930000003427267 0.0007231930503621697
			vertex -0.0030253396835178137 0.0044999998062849045 0.001187358284369111
			vertex -0.0030253396835178137 -0.00930000003427267 0.001187358284369111
		endloop
	endfacet
	facet normal 0.988830766315726 0 -0.14904266364854887
		outer loop
			vertex -0.003240912454202771 -0.00930000003427267 0.00024287280393764377
			vertex -0.003240912454202771 0.0044999998062849045 0.00024287280393764377
			vertex -0.0031685156282037497 0.0044999998062849045 0.0007231930503621697
		endloop
	endfacet
	facet normal 0.988830766315726 0 -0.14904266364854887
		outer loop
			vertex -0.003240912454202771 -0.00930000003427267 0.00024287280393764377
			vertex -0.0031685156282037497 0.0044999998062849045 0.0007231930503621697
			vertex -0.0031685156282037497 -0.00930000003427267 0.0007231930503621697
		endloop
	endfacet
	facet normal 1 0 0
		outer loop
			vertex -0.003240912454202771 -0.00930000003427267 -0.00024287280393764377
			vertex -0.003240912454202771 0.0044999998062849045 -0.00024287280393764377
			vertex -0.003240912454202771 0.0044999998062849045 0.00024287280393764377
		endloop
	endfacet
	facet normal 1 0 0
		outer loop
			vertex -0.003240912454202771 -0.00930000003427267 -0.00024287280393764377
			vertex -0.003240912454202771 0.0044999998062849045 0.00024287280393764377
			vertex -0.003240912454202771 -0.00930000003427267 0.00024287280393764377
		endloop
	endfacet
	facet normal 0.988830766315726 0 0.14904266364854887
		outer loop
			vertex -0.0031685156282037497 -0.00930000003427267 -0.0007231930503621697
			vertex -0.0031685156282037497 0.0044999998062849045 -0.0007231930503621697
			vertex -0.003240912454202771 0.0044999998062849045 -0.00024287280393764377
		endloop
	endfacet
	facet normal 0.988830766315726 0 0.14904266364854887
		outer loop
			vertex -0.0031685156282037497 -0.00930000003427267 -0.0007231930503621697
			vertex -0.003240912454202771 0.0044999998062849045 -0.00024287280393764377
			vertex -0.003240912454202771 -0.00930000003427267 -0.00024287280393764377
		endloop
	endfacet
	facet normal 0.9555728454233 0 0.2947550459103597
		outer loop
			vertex -0.0030253396835178137 -0.00930000003427267 -0.001187358284369111
			vertex -0.0030253396835178137 0.0044999998062849045 -0.001187358284369111
			vertex -0.0031685156282037497 0.0044999998062849045 -0.0007231930503621697
		endloop
	endfacet
	facet normal 0.9555728454233 0 0.2947550459103597
		outer loop
			vertex -0.0030253396835178137 -0.00930000003427267 -0.001187358284369111
			vertex -0.0031685156282037497 0.0044999998062849045 -0.0007231930503621697
			vertex -0.0031685156282037497 -0.00930000003427267 -0.0007231930503621697
		endloop
	endfacet
	facet normal 0.9009688872516124 0 0.4338836989385421
		outer loop
			vertex -0.002814582549035549 -0.00930000003427267 -0.0016250000335276127
			vertex -0.0030253396835178137 0.0044999998062849045 -0.001187358284369111
			vertex -0.0030253396835178137 -0.00930000003427267 -0.001187358284369111
		endloop
	endfacet
	facet normal 0.9009688872516124 0 0.4338836989385421
		outer loop
			vertex -0.002814582549035549 -0.00930000003427267 -0.0016250000335276127
			vertex -0.002814582549035549 0.0044999998062849045 -0.0016250000335276127
			vertex -0.0030253396835178137 0.0044999998062849045 -0.001187358284369111
		endloop
	endfacet
	facet normal 0.8262387410047443 0 0.5633201069222501
		outer loop
			vertex -0.002540952293202281 -0.00930000003427267 -0.0020263418555259705
			vertex -0.002814582549035549 0.0044999998062849045 -0.0016250000335276127
			vertex -0.002814582549035549 -0.00930000003427267 -0.0016250000335276127
		endloop
	endfacet
	facet normal 0.8262387410047443 0 0.5633201069222501
		outer loop
			vertex -0.002540952293202281 -0.00930000003427267 -0.0020263418555259705
			vertex -0.002540952293202281 0.0044999998062849045 -0.0020263418555259705
			vertex -0.002814582549035549 0.0044999998062849045 -0.0016250000335276127
		endloop
	endfacet
	facet normal 0.7330519413959554 0 0.6801726627964556
		outer loop
			vertex -0.0022105614189058542 -0.00930000003427267 -0.002382418606430292
			vertex -0.002540952293202281 0.0044999998062849045 -0.0020263418555259705
			vertex -0.002540952293202281 -0.00930000003427267 -0.0020263418555259705
		endloop
	endfacet
	facet normal 0.7330519413959554 0 0.6801726627964556
		outer loop
			vertex -0.0022105614189058542 -0.00930000003427267 -0.002382418606430292
			vertex -0.0022105614189058542 0.0044999998062849045 -0.002382418606430292
			vertex -0.002540952293202281 0.0044999998062849045 -0.0020263418555259705
		endloop
	endfacet
	facet normal 0.6234898510894888 0 0.7818314432078102
		outer loop
			vertex -0.0018307901918888092 -0.00930000003427267 -0.0026852760929614305
			vertex -0.0022105614189058542 0.0044999998062849045 -0.002382418606430292
			vertex -0.0022105614189058542 -0.00930000003427267 -0.002382418606430292
		endloop
	endfacet
	facet normal 0.6234898510894888 0 0.7818314432078102
		outer loop
			vertex -0.0018307901918888092 -0.00930000003427267 -0.0026852760929614305
			vertex -0.0018307901918888092 0.0044999998062849045 -0.0026852760929614305
			vertex -0.0022105614189058542 0.0044999998062849045 -0.002382418606430292
		endloop
	endfacet
	facet normal 0.4999997216486161 0 0.8660255644906256
		outer loop
			vertex -0.0014101221458986402 -0.00930000003427267 -0.0029281487222760916
			vertex -0.0018307901918888092 0.0044999998062849045 -0.0026852760929614305
			vertex -0.0018307901918888092 -0.00930000003427267 -0.0026852760929614305
		endloop
	endfacet
	facet normal 0.4999997216486161 0 0.8660255644906256
		outer loop
			vertex -0.0014101221458986402 -0.00930000003427267 -0.0029281487222760916
			vertex -0.0014101221458986402 0.0044999998062849045 -0.0029281487222760916
			vertex -0.0018307901918888092 0.0044999998062849045 -0.0026852760929614305
		endloop
	endfacet
	facet normal 0.36534107058687504 0 0.9308737305040014
		outer loop
			vertex -0.0009579543257132173 -0.00930000003427267 -0.00310561154037714
			vertex -0.0014101221458986402 0.0044999998062849045 -0.0029281487222760916
			vertex -0.0014101221458986402 -0.00930000003427267 -0.0029281487222760916
		endloop
	endfacet
	facet normal 0.36534107058687504 0 0.9308737305040014
		outer loop
			vertex -0.0009579543257132173 -0.00930000003427267 -0.00310561154037714
			vertex -0.0009579543257132173 0.0044999998062849045 -0.00310561154037714
			vertex -0.0014101221458986402 0.0044999998062849045 -0.0029281487222760916
		endloop
	endfacet
	facet normal 0.22252099301841008 0 0.9749278987012838
		outer loop
			vertex -0.00048438736121170223 -0.00930000003427267 -0.0032137001398950815
			vertex -0.0009579543257132173 0.0044999998062849045 -0.00310561154037714
			vertex -0.0009579543257132173 -0.00930000003427267 -0.00310561154037714
		endloop
	endfacet
	facet normal 0.22252099301841008 0 0.9749278987012838
		outer loop
			vertex -0.00048438736121170223 -0.00930000003427267 -0.0032137001398950815
			vertex -0.00048438736121170223 0.0044999998062849045 -0.0032137001398950815
			vertex -0.0009579543257132173 0.0044999998062849045 -0.00310561154037714
		endloop
	endfacet
	facet normal 0.07473032426656188 0 0.9972037798940668
		outer loop
			vertex 0 -0.00930000003427267 -0.0032500000670552254
			vertex -0.00048438736121170223 0.0044999998062849045 -0.0032137001398950815
			vertex -0.00048438736121170223 -0.00930000003427267 -0.0032137001398950815
		endloop
	endfacet
	facet normal 0.07473032426656179 -3.813260660438324e-18 0.9972037798940668
		outer loop
			vertex 0 -0.00930000003427267 -0.0032500000670552254
			vertex 7.041719278287623e-19 0.0044999998062849045 -0.0032500000670552254
			vertex -0.00048438736121170223 0.0044999998062849045 -0.0032137001398950815
		endloop
	endfacet
	facet normal 0.05283176822031182 0.7072479383770589 0.704988764398494
		outer loop
			vertex -0.0006127498927526176 0.005750000011175871 -0.0044580865651369095
			vertex -0.00048438736121170223 0.0044999998062849045 -0.0032137001398950815
			vertex 7.041719278287623e-19 0.0044999998062849045 -0.0032500000670552254
		endloop
	endfacet
	facet normal 0.1441832409184518 0.7055388567489028 0.6938487692975343
		outer loop
			vertex -0.0012140854960307479 0.005750000011175871 -0.00433312775567174
			vertex -0.00048438736121170223 0.0044999998062849045 -0.0032137001398950815
			vertex -0.0006127498927526176 0.005750000011175871 -0.0044580865651369095
		endloop
	endfacet
	facet normal 0.15711125661386824 0.7081605986493718 0.6883491988560565
		outer loop
			vertex -0.0012140854960307479 0.005750000011175871 -0.00433312775567174
			vertex -0.0009579543257132173 0.0044999998062849045 -0.00310561154037714
			vertex -0.00048438736121170223 0.0044999998062849045 -0.0032137001398950815
		endloop
	endfacet
	facet normal 0.2576944198033389 0.7088562243322796 0.6565945775191915
		outer loop
			vertex -0.0017928049201145768 0.005750000011175871 -0.004127450753003359
			vertex -0.0014101221458986402 0.0044999998062849045 -0.0029281487222760916
			vertex -0.0009579543257132173 0.0044999998062849045 -0.00310561154037714
		endloop
	endfacet
	facet normal 0.23751538850211773 0.7049511824708788 0.6683040255434631
		outer loop
			vertex -0.0017928049201145768 0.005750000011175871 -0.004127450753003359
			vertex -0.0009579543257132173 0.0044999998062849045 -0.00310561154037714
			vertex -0.0012140854960307479 0.005750000011175871 -0.00433312775567174
		endloop
	endfacet
	facet normal 0.04831127642200865 0.706281112790961 0.706281112790961
		outer loop
			vertex -0.0007829582318663597 0.007000000216066837 -0.005696444306522608
			vertex 7.041719278287623e-19 0.0044999998062849045 -0.0032500000670552254
			vertex 1.0103335996160237e-18 0.009499999694526196 -0.008249999955296516
		endloop
	endfacet
	facet normal 0.04831185646676515 0.706281184981007 0.7062810009242494
		outer loop
			vertex -0.0007829582318663597 0.007000000216066837 -0.005696444306522608
			vertex -0.0006127498927526176 0.005750000011175871 -0.0044580865651369095
			vertex 7.041719278287623e-19 0.0044999998062849045 -0.0032500000670552254
		endloop
	endfacet
	facet normal 0.3524347317783337 0.709336652203591 0.6104353148998966
		outer loop
			vertex -0.002338127698749304 0.005750000011175871 -0.003844887251034379
			vertex -0.0018307901918888092 0.0044999998062849045 -0.0026852760929614305
			vertex -0.0014101221458986402 0.0044999998062849045 -0.0029281487222760916
		endloop
	endfacet
	facet normal 0.32650124425061816 0.7045191805174883 0.6301187679999422
		outer loop
			vertex -0.002338127698749304 0.005750000011175871 -0.003844887251034379
			vertex -0.0014101221458986402 0.0044999998062849045 -0.0029281487222760916
			vertex -0.0017928049201145768 0.005750000011175871 -0.004127450753003359
		endloop
	endfacet
	facet normal 0.14403320103894085 0.706281143171598 0.6931243638761351
		outer loop
			vertex -0.0015513314865529537 0.007000000216066837 -0.005536774173378944
			vertex -0.0006127498927526176 0.005750000011175871 -0.0044580865651369095
			vertex -0.0007829582318663597 0.007000000216066837 -0.005696444306522608
		endloop
	endfacet
	facet normal 0.1440327558348719 0.7062810077761003 0.693124594356158
		outer loop
			vertex -0.0015513314865529537 0.007000000216066837 -0.005536774173378944
			vertex -0.0012140854960307479 0.005750000011175871 -0.00433312775567174
			vertex -0.0006127498927526176 0.005750000011175871 -0.0044580865651369095
		endloop
	endfacet
	facet normal 0.4393119006612525 0.7096031914009208 0.5508796281321595
		outer loop
			vertex -0.002839895663782954 0.005750000011175871 -0.003490700852125883
			vertex -0.0022105614189058542 0.0044999998062849045 -0.002382418606430292
			vertex -0.0018307901918888092 0.0044999998062849045 -0.0026852760929614305
		endloop
	endfacet
	facet normal 0.40941885435213365 0.7042437940606371 0.5800145517382003
		outer loop
			vertex -0.002839895663782954 0.005750000011175871 -0.003490700852125883
			vertex -0.0018307901918888092 0.0044999998062849045 -0.0026852760929614305
			vertex -0.002338127698749304 0.005750000011175871 -0.003844887251034379
		endloop
	endfacet
	facet normal 0.23707151782748628 0.7062810292123115 0.6670563718380703
		outer loop
			vertex -0.0022908062674105167 0.007000000216066837 -0.005273965187370777
			vertex -0.0012140854960307479 0.005750000011175871 -0.00433312775567174
			vertex -0.0015513314865529537 0.007000000216066837 -0.005536774173378944
		endloop
	endfacet
	facet normal 0.23707188106385893 0.7062811492604548 0.6670561156365892
		outer loop
			vertex -0.0022908062674105167 0.007000000216066837 -0.005273965187370777
			vertex -0.0017928049201145768 0.005750000011175871 -0.004127450753003359
			vertex -0.0012140854960307479 0.005750000011175871 -0.00433312775567174
		endloop
	endfacet
	facet normal 0.10100324342128505 0.7044876456191278 0.7024923501280274
		outer loop
			vertex -0.0009531665709801018 0.008249999955296516 -0.006934801582247019
			vertex -0.0007842123741284013 0.009499999694526196 -0.008212643675506115
			vertex -0.0015613227151334286 0.009499999694526196 -0.008100911974906921
		endloop
	endfacet
	facet normal 0.03339904998468329 0.7122418620247883 0.7011390970696064
		outer loop
			vertex -0.0009531665709801018 0.008249999955296516 -0.006934801582247019
			vertex 1.0103335996160237e-18 0.009499999694526196 -0.008249999955296516
			vertex -0.0007842123741284013 0.009499999694526196 -0.008212643675506115
		endloop
	endfacet
	facet normal 0.04831104297145001 0.7062811570288375 0.7062810845216071
		outer loop
			vertex -0.0009531665709801018 0.008249999955296516 -0.006934801582247019
			vertex -0.0007829582318663597 0.007000000216066837 -0.005696444306522608
			vertex 1.0103335996160237e-18 0.009499999694526196 -0.008249999955296516
		endloop
	endfacet
	facet normal 0.4846641339684529 0.7041257056295045 0.5189486177998376
		outer loop
			vertex -0.0032887619454413652 0.005750000011175871 -0.003071489045396447
			vertex -0.0022105614189058542 0.0044999998062849045 -0.002382418606430292
			vertex -0.002839895663782954 0.005750000011175871 -0.003490700852125883
		endloop
	endfacet
	facet normal 0.51647017312197 0.709656480006585 0.4792141907957506
		outer loop
			vertex -0.0032887619454413652 0.005750000011175871 -0.003071489045396447
			vertex -0.002540952293202281 0.0044999998062849045 -0.0020263418555259705
			vertex -0.0022105614189058542 0.0044999998062849045 -0.002382418606430292
		endloop
	endfacet
	facet normal 0.3256947895924463 0.7062811309132355 0.6285617456926991
		outer loop
			vertex -0.002987607615068555 0.007000000216066837 -0.00491291144862771
			vertex -0.0017928049201145768 0.005750000011175871 -0.004127450753003359
			vertex -0.0022908062674105167 0.007000000216066837 -0.005273965187370777
		endloop
	endfacet
	facet normal 0.32569456762080595 0.7062810489133245 0.6285619528480787
		outer loop
			vertex -0.002987607615068555 0.007000000216066837 -0.00491291144862771
			vertex -0.002338127698749304 0.005750000011175871 -0.003844887251034379
			vertex -0.0017928049201145768 0.005750000011175871 -0.004127450753003359
		endloop
	endfacet
	facet normal 0.1440328576507956 0.7062811575212886 0.693124420611
		outer loop
			vertex -0.0018885773606598377 0.008249999955296516 -0.0067404210567474365
			vertex -0.0007829582318663597 0.007000000216066837 -0.005696444306522608
			vertex -0.0009531665709801018 0.008249999955296516 -0.006934801582247019
		endloop
	endfacet
	facet normal 0.2309709444286932 0.7080268825408649 0.6673457547847157
		outer loop
			vertex -0.0018885773606598377 0.008249999955296516 -0.0067404210567474365
			vertex -0.002324293600395322 0.009499999694526196 -0.007915817201137543
			vertex -0.0030662151984870434 0.009499999694526196 -0.0076590352691709995
		endloop
	endfacet
	facet normal 0.1670413350115017 0.7056848547709561 0.6885536131228054
		outer loop
			vertex -0.0018885773606598377 0.008249999955296516 -0.0067404210567474365
			vertex -0.0015613227151334286 0.009499999694526196 -0.008100911974906921
			vertex -0.002324293600395322 0.009499999694526196 -0.007915817201137543
		endloop
	endfacet
	facet normal 0.14297855928847183 0.7114373833958305 0.6880508564711529
		outer loop
			vertex -0.0018885773606598377 0.008249999955296516 -0.0067404210567474365
			vertex -0.0009531665709801018 0.008249999955296516 -0.006934801582247019
			vertex -0.0015613227151334286 0.009499999694526196 -0.008100911974906921
		endloop
	endfacet
	facet normal 0.14403317350210304 0.706281278832962 0.6931242313618742
		outer loop
			vertex -0.0018885773606598377 0.008249999955296516 -0.0067404210567474365
			vertex -0.0015513314865529537 0.007000000216066837 -0.005536774173378944
			vertex -0.0007829582318663597 0.007000000216066837 -0.005696444306522608
		endloop
	endfacet
	facet normal 0.5822577473233229 0.7094966148003906 0.3969766608615117
		outer loop
			vertex -0.003676364431157708 0.005750000011175871 -0.0025950614362955093
			vertex -0.002814582549035549 0.0044999998062849045 -0.0016250000335276127
			vertex -0.002540952293202281 0.0044999998062849045 -0.0020263418555259705
		endloop
	endfacet
	facet normal 0.5507832311987946 0.7041650924827182 0.4480952518818073
		outer loop
			vertex -0.003676364431157708 0.005750000011175871 -0.0025950614362955093
			vertex -0.002540952293202281 0.0044999998062849045 -0.0020263418555259705
			vertex -0.0032887619454413652 0.005750000011175871 -0.003071489045396447
		endloop
	endfacet
	facet normal 0.408250083568769 0.7062810534435617 0.5783588356831302
		outer loop
			vertex -0.003628755686804652 0.007000000216066837 -0.004460339900106192
			vertex -0.002338127698749304 0.005750000011175871 -0.003844887251034379
			vertex -0.002987607615068555 0.007000000216066837 -0.00491291144862771
		endloop
	endfacet
	facet normal 0.40825010452357763 0.7062810624071756 0.5783588099454174
		outer loop
			vertex -0.003628755686804652 0.007000000216066837 -0.004460339900106192
			vertex -0.002839895663782954 0.005750000011175871 -0.003490700852125883
			vertex -0.002338127698749304 0.005750000011175871 -0.003844887251034379
		endloop
	endfacet
	facet normal 0.23707147646722565 0.7062811530089435 0.6670562554612671
		outer loop
			vertex -0.0027888077311217785 0.008249999955296516 -0.006420479156076908
			vertex -0.0022908062674105167 0.007000000216066837 -0.005273965187370777
			vertex -0.0015513314865529537 0.007000000216066837 -0.005536774173378944
		endloop
	endfacet
	facet normal 0.2946993374188956 0.7047959754225621 0.6453022032761265
		outer loop
			vertex -0.0027888077311217785 0.008249999955296516 -0.006420479156076908
			vertex -0.0030662151984870434 0.009499999694526196 -0.0076590352691709995
			vertex -0.0037803687155246735 0.009499999694526196 -0.007332892622798681
		endloop
	endfacet
	facet normal 0.23707173846006568 0.7062812636964059 0.6670560451528269
		outer loop
			vertex -0.0027888077311217785 0.008249999955296516 -0.006420479156076908
			vertex -0.0015513314865529537 0.007000000216066837 -0.005536774173378944
			vertex -0.0018885773606598377 0.008249999955296516 -0.0067404210567474365
		endloop
	endfacet
	facet normal 0.2358558594415698 0.7099019282552483 0.6636348889461423
		outer loop
			vertex -0.0027888077311217785 0.008249999955296516 -0.006420479156076908
			vertex -0.0018885773606598377 0.008249999955296516 -0.0067404210567474365
			vertex -0.0030662151984870434 0.009499999694526196 -0.0076590352691709995
		endloop
	endfacet
	facet normal 0.6352592822621101 0.7091232015736839 0.30592471179967984
		outer loop
			vertex -0.00399548327550292 0.005750000011175871 -0.0020702925976365805
			vertex -0.0030253396835178137 0.0044999998062849045 -0.001187358284369111
			vertex -0.002814582549035549 0.0044999998062849045 -0.0016250000335276127
		endloop
	endfacet
	facet normal 0.6065021039317947 0.7043618313321233 0.3688219197509334
		outer loop
			vertex -0.00399548327550292 0.005750000011175871 -0.0020702925976365805
			vertex -0.002814582549035549 0.0044999998062849045 -0.0016250000335276127
			vertex -0.003676364431157708 0.005750000011175871 -0.0025950614362955093
		endloop
	endfacet
	facet normal 0.4832009028476947 0.7062810191788879 0.5173818796931374
		outer loop
			vertex -0.0042023067362606525 0.007000000216066837 -0.003924680408090353
			vertex -0.0032887619454413652 0.005750000011175871 -0.003071489045396447
			vertex -0.002839895663782954 0.005750000011175871 -0.003490700852125883
		endloop
	endfacet
	facet normal 0.48320099222643953 0.7062810656092482 0.5173817328368381
		outer loop
			vertex -0.0042023067362606525 0.007000000216066837 -0.003924680408090353
			vertex -0.002839895663782954 0.005750000011175871 -0.003490700852125883
			vertex -0.003628755686804652 0.007000000216066837 -0.004460339900106192
		endloop
	endfacet
	facet normal 0.32569472122925874 0.7062812798549105 0.6285616137578758
		outer loop
			vertex -0.0036370877642184496 0.008249999955296516 -0.005980935879051685
			vertex -0.002987607615068555 0.007000000216066837 -0.00491291144862771
			vertex -0.0022908062674105167 0.007000000216066837 -0.005273965187370777
		endloop
	endfacet
	facet normal 0.35462007654069194 0.7049671859095509 0.6142197229860359
		outer loop
			vertex -0.0036370877642184496 0.008249999955296516 -0.005980935879051685
			vertex -0.0037803687155246735 0.009499999694526196 -0.007332892622798681
			vertex -0.0044602868147194386 0.009499999694526196 -0.006940341554582119
		endloop
	endfacet
	facet normal 0.3232008483701046 0.711672663394938 0.6237493340992036
		outer loop
			vertex -0.0036370877642184496 0.008249999955296516 -0.005980935879051685
			vertex -0.0027888077311217785 0.008249999955296516 -0.006420479156076908
			vertex -0.0037803687155246735 0.009499999694526196 -0.007332892622798681
		endloop
	endfacet
	facet normal 0.32569449470132994 0.7062811712706638 0.6285618531455633
		outer loop
			vertex -0.0036370877642184496 0.008249999955296516 -0.005980935879051685
			vertex -0.0022908062674105167 0.007000000216066837 -0.005273965187370777
			vertex -0.0027888077311217785 0.008249999955296516 -0.006420479156076908
		endloop
	endfacet
	facet normal 0.6743240754443259 0.7085354525601454 0.2080013311052243
		outer loop
			vertex -0.004240174312144518 0.005750000011175871 -0.0015069582732394338
			vertex -0.0031685156282037497 0.0044999998062849045 -0.0007231930503621697
			vertex -0.0030253396835178137 0.0044999998062849045 -0.001187358284369111
		endloop
	endfacet
	facet normal 0.6507519273095789 0.7047156633167618 0.28266192346845226
		outer loop
			vertex -0.004240174312144518 0.005750000011175871 -0.0015069582732394338
			vertex -0.0030253396835178137 0.0044999998062849045 -0.001187358284369111
			vertex -0.00399548327550292 0.005750000011175871 -0.0020702925976365805
		endloop
	endfacet
	facet normal 0.5491504963652779 0.7062811394673262 0.44676692399337753
		outer loop
			vertex -0.004697577096521854 0.007000000216066837 -0.0033159118611365557
			vertex -0.003676364431157708 0.005750000011175871 -0.0025950614362955093
			vertex -0.0032887619454413652 0.005750000011175871 -0.003071489045396447
		endloop
	endfacet
	facet normal 0.5491503312146203 0.706281027606268 0.4467673038286342
		outer loop
			vertex -0.004697577096521854 0.007000000216066837 -0.0033159118611365557
			vertex -0.0032887619454413652 0.005750000011175871 -0.003071489045396447
			vertex -0.0042023067362606525 0.007000000216066837 -0.003924680408090353
		endloop
	endfacet
	facet normal 0.40825022192541727 0.706281266482134 0.5783584778614735
		outer loop
			vertex -0.0044176154769957066 0.008249999955296516 -0.0054299789480865
			vertex -0.002987607615068555 0.007000000216066837 -0.00491291144862771
			vertex -0.0036370877642184496 0.008249999955296516 -0.005980935879051685
		endloop
	endfacet
	facet normal 0.40825002510162123 0.7062811550662166 0.5783587528540192
		outer loop
			vertex -0.0044176154769957066 0.008249999955296516 -0.0054299789480865
			vertex -0.003628755686804652 0.007000000216066837 -0.004460339900106192
			vertex -0.002987607615068555 0.007000000216066837 -0.00491291144862771
		endloop
	endfacet
	facet normal 0.46416380149278186 0.7054117104022777 0.535673673248091
		outer loop
			vertex -0.0044176154769957066 0.008249999955296516 -0.0054299789480865
			vertex -0.005099811591207981 0.009499999694526196 -0.006484937854111195
			vertex -0.005693151615560055 0.009499999694526196 -0.005970805883407593
		endloop
	endfacet
	facet normal 0.40933344340388766 0.7085327791538051 0.5748281769152428
		outer loop
			vertex -0.0044176154769957066 0.008249999955296516 -0.0054299789480865
			vertex -0.0044602868147194386 0.009499999694526196 -0.006940341554582119
			vertex -0.005099811591207981 0.009499999694526196 -0.006484937854111195
		endloop
	endfacet
	facet normal 0.40638601043289857 0.7095067148369172 0.5757174933296343
		outer loop
			vertex -0.0044176154769957066 0.008249999955296516 -0.0054299789480865
			vertex -0.0036370877642184496 0.008249999955296516 -0.005980935879051685
			vertex -0.0044602868147194386 0.009499999694526196 -0.006940341554582119
		endloop
	endfacet
	facet normal 0.6826918926213054 0.7052256918915017 0.19128121508734938
		outer loop
			vertex -0.004405878484249115 0.005750000011175871 -0.0009155520820058882
			vertex -0.0031685156282037497 0.0044999998062849045 -0.0007231930503621697
			vertex -0.004240174312144518 0.005750000011175871 -0.0015069582732394338
		endloop
	endfacet
	facet normal 0.6985905658115762 0.7077315878926447 0.10529587293915121
		outer loop
			vertex -0.004405878484249115 0.005750000011175871 -0.0009155520820058882
			vertex -0.003240912454202771 0.0044999998062849045 -0.00024287280393764377
			vertex -0.0031685156282037497 0.0044999998062849045 -0.0007231930503621697
		endloop
	endfacet
	facet normal 0.6048704703261912 0.7062811228946778 0.3678297018594412
		outer loop
			vertex -0.005105339922010899 0.007000000216066837 -0.0026453740429133177
			vertex -0.00399548327550292 0.005750000011175871 -0.0020702925976365805
			vertex -0.003676364431157708 0.005750000011175871 -0.0025950614362955093
		endloop
	endfacet
	facet normal 0.6048704823821022 0.7062811349473022 0.36782965889171304
		outer loop
			vertex -0.005105339922010899 0.007000000216066837 -0.0026453740429133177
			vertex -0.003676364431157708 0.005750000011175871 -0.0025950614362955093
			vertex -0.004697577096521854 0.007000000216066837 -0.0033159118611365557
		endloop
	endfacet
	facet normal 0.5135965808378274 0.704556115383704 0.4897134186716939
		outer loop
			vertex -0.0051158517599105835 0.008249999955296516 -0.0047778720036149025
			vertex -0.005693151615560055 0.009499999694526196 -0.005970805883407593
			vertex -0.006234934087842703 0.009499999694526196 -0.005402600858360529
		endloop
	endfacet
	facet normal 0.47958249782165263 0.7115550066114144 0.5135076439054969
		outer loop
			vertex -0.0051158517599105835 0.008249999955296516 -0.0047778720036149025
			vertex -0.0044176154769957066 0.008249999955296516 -0.0054299789480865
			vertex -0.005693151615560055 0.009499999694526196 -0.005970805883407593
		endloop
	endfacet
	facet normal 0.48320086659026185 0.7062812501072795 0.5173815983133906
		outer loop
			vertex -0.0051158517599105835 0.008249999955296516 -0.0047778720036149025
			vertex -0.0042023067362606525 0.007000000216066837 -0.003924680408090353
			vertex -0.003628755686804652 0.007000000216066837 -0.004460339900106192
		endloop
	endfacet
	facet normal 0.48320074071946273 0.7062811610917945 0.5173818373841405
		outer loop
			vertex -0.0051158517599105835 0.008249999955296516 -0.0047778720036149025
			vertex -0.003628755686804652 0.007000000216066837 -0.004460339900106192
			vertex -0.0044176154769957066 0.008249999955296516 -0.0054299789480865
		endloop
	endfacet
	facet normal 0.7017234449269426 0.705890717416614 0.09644947851036992
		outer loop
			vertex -0.004489509388804436 0.005750000011175871 -0.000307090871501714
			vertex -0.003240912454202771 0.0044999998062849045 -0.00024287280393764377
			vertex -0.004405878484249115 0.005750000011175871 -0.0009155520820058882
		endloop
	endfacet
	facet normal 0.6493227545872547 0.7062811150586815 0.28204068303470897
		outer loop
			vertex -0.005418000277131796 0.007000000216066837 -0.00192555773537606
			vertex -0.00399548327550292 0.005750000011175871 -0.0020702925976365805
			vertex -0.005105339922010899 0.007000000216066837 -0.0026453740429133177
		endloop
	endfacet
	facet normal 0.649322694500908 0.7062809961984219 0.28204111901466694
		outer loop
			vertex -0.005418000277131796 0.007000000216066837 -0.00192555773537606
			vertex -0.004240174312144518 0.005750000011175871 -0.0015069582732394338
			vertex -0.00399548327550292 0.005750000011175871 -0.0020702925976365805
		endloop
	endfacet
	facet normal 0.5955069979327023 0.7063321631869933 0.3827091462988089
		outer loop
			vertex -0.00571878906339407 0.008249999955296516 -0.004036762285977602
			vertex -0.006720251403748989 0.009499999694526196 -0.004785469733178616
			vertex -0.007144709583371878 0.009499999694526196 -0.004124999977648258
		endloop
	endfacet
	facet normal 0.5558183297101518 0.707113305754793 0.4371003971432031
		outer loop
			vertex -0.00571878906339407 0.008249999955296516 -0.004036762285977602
			vertex -0.006234934087842703 0.009499999694526196 -0.005402600858360529
			vertex -0.006720251403748989 0.009499999694526196 -0.004785469733178616
		endloop
	endfacet
	facet normal 0.5491502721715372 0.7062811038989271 0.4467672557934833
		outer loop
			vertex -0.00571878906339407 0.008249999955296516 -0.004036762285977602
			vertex -0.004697577096521854 0.007000000216066837 -0.0033159118611365557
			vertex -0.0042023067362606525 0.007000000216066837 -0.003924680408090353
		endloop
	endfacet
	facet normal 0.5458091816873841 0.7105724436007302 0.444048577951822
		outer loop
			vertex -0.00571878906339407 0.008249999955296516 -0.004036762285977602
			vertex -0.0051158517599105835 0.008249999955296516 -0.0047778720036149025
			vertex -0.006234934087842703 0.009499999694526196 -0.005402600858360529
		endloop
	endfacet
	facet normal 0.5491504122031333 0.7062812391746324 0.4467668698181127
		outer loop
			vertex -0.00571878906339407 0.008249999955296516 -0.004036762285977602
			vertex -0.0042023067362606525 0.007000000216066837 -0.003924680408090353
			vertex -0.0051158517599105835 0.008249999955296516 -0.0047778720036149025
		endloop
	endfacet
	facet normal 0.7075037972267102 0.7067095421103257 0
		outer loop
			vertex -0.004489509388804436 0.005750000011175871 0.000307090871501714
			vertex -0.003240912454202771 0.0044999998062849045 0.00024287280393764377
			vertex -0.003240912454202771 0.0044999998062849045 -0.00024287280393764377
		endloop
	endfacet
	facet normal 0.7075037972267103 0.7067095421103257 0
		outer loop
			vertex -0.004489509388804436 0.005750000011175871 0.000307090871501714
			vertex -0.003240912454202771 0.0044999998062849045 -0.00024287280393764377
			vertex -0.004489509388804436 0.005750000011175871 -0.000307090871501714
		endloop
	endfacet
	facet normal 0.6816795088281887 0.7062810912537609 0.19099755857381068
		outer loop
			vertex -0.005629733670502901 0.007000000216066837 -0.0011698721209540963
			vertex -0.004405878484249115 0.005750000011175871 -0.0009155520820058882
			vertex -0.004240174312144518 0.005750000011175871 -0.0015069582732394338
		endloop
	endfacet
	facet normal 0.6816795087275869 0.7062810168556067 0.19099783404616424
		outer loop
			vertex -0.005629733670502901 0.007000000216066837 -0.0011698721209540963
			vertex -0.004240174312144518 0.005750000011175871 -0.0015069582732394338
			vertex -0.005418000277131796 0.007000000216066837 -0.00192555773537606
		endloop
	endfacet
	facet normal 0.6048703360597769 0.7062811085299187 0.3678299502333682
		outer loop
			vertex -0.006215196568518877 0.008249999955296516 -0.0032204552553594112
			vertex -0.004697577096521854 0.007000000216066837 -0.0033159118611365557
			vertex -0.00571878906339407 0.008249999955296516 -0.004036762285977602
		endloop
	endfacet
	facet normal 0.6308512058046273 0.7044532744259662 0.3252265983670189
		outer loop
			vertex -0.006215196568518877 0.008249999955296516 -0.0032204552553594112
			vertex -0.007144709583371878 0.009499999694526196 -0.004124999977648258
			vertex -0.007504464127123356 0.009499999694526196 -0.0034271739423274994
		endloop
	endfacet
	facet normal 0.6007483463934301 0.7110838925105334 0.3653233117631937
		outer loop
			vertex -0.006215196568518877 0.008249999955296516 -0.0032204552553594112
			vertex -0.00571878906339407 0.008249999955296516 -0.004036762285977602
			vertex -0.007144709583371878 0.009499999694526196 -0.004124999977648258
		endloop
	endfacet
	facet normal 0.6048704082698139 0.7062812218898977 0.3678296138230603
		outer loop
			vertex -0.006215196568518877 0.008249999955296516 -0.0032204552553594112
			vertex -0.005105339922010899 0.007000000216066837 -0.0026453740429133177
			vertex -0.004697577096521854 0.007000000216066837 -0.0033159118611365557
		endloop
	endfacet
	facet normal 0.6985905658115762 0.7077315878926447 -0.10529587293915121
		outer loop
			vertex -0.004405878484249115 0.005750000011175871 0.0009155520820058882
			vertex -0.0031685156282037497 0.0044999998062849045 0.0007231930503621697
			vertex -0.003240912454202771 0.0044999998062849045 0.00024287280393764377
		endloop
	endfacet
	facet normal 0.7017234449269426 0.705890717416614 -0.09644947851036992
		outer loop
			vertex -0.004405878484249115 0.005750000011175871 0.0009155520820058882
			vertex -0.003240912454202771 0.0044999998062849045 0.00024287280393764377
			vertex -0.004489509388804436 0.005750000011175871 0.000307090871501714
		endloop
	endfacet
	facet normal 0.7013378029092876 0.7062811098551258 0.09639647333894033
		outer loop
			vertex -0.00573659548535943 0.007000000216066837 -0.00039239387842826545
			vertex -0.004489509388804436 0.005750000011175871 -0.000307090871501714
			vertex -0.004405878484249115 0.005750000011175871 -0.0009155520820058882
		endloop
	endfacet
	facet normal 0.701337815446283 0.7062810849228702 0.09639656479983538
		outer loop
			vertex -0.00573659548535943 0.007000000216066837 -0.00039239387842826545
			vertex -0.004405878484249115 0.005750000011175871 -0.0009155520820058882
			vertex -0.005629733670502901 0.007000000216066837 -0.0011698721209540963
		endloop
	endfacet
	facet normal 0.6780350553208997 0.707553665326791 0.19908860951498014
		outer loop
			vertex -0.006595826242119074 0.008249999955296516 -0.002344157313928008
			vertex -0.0077962568029761314 0.009499999694526196 -0.002698310650885105
			vertex -0.008017444983124733 0.009499999694526196 -0.0019450112013146281
		endloop
	endfacet
	facet normal 0.6574888546276232 0.7059917375113034 0.2632186783004336
		outer loop
			vertex -0.006595826242119074 0.008249999955296516 -0.002344157313928008
			vertex -0.007504464127123356 0.009499999694526196 -0.0034271739423274994
			vertex -0.0077962568029761314 0.009499999694526196 -0.002698310650885105
		endloop
	endfacet
	facet normal 0.6493227173791819 0.7062811557199938 0.2820406668729617
		outer loop
			vertex -0.006595826242119074 0.008249999955296516 -0.002344157313928008
			vertex -0.005418000277131796 0.007000000216066837 -0.00192555773537606
			vertex -0.005105339922010899 0.007000000216066837 -0.0026453740429133177
		endloop
	endfacet
	facet normal 0.6447156037988783 0.7112803687372344 0.28003933164338113
		outer loop
			vertex -0.006595826242119074 0.008249999955296516 -0.002344157313928008
			vertex -0.006215196568518877 0.008249999955296516 -0.0032204552553594112
			vertex -0.007504464127123356 0.009499999694526196 -0.0034271739423274994
		endloop
	endfacet
	facet normal 0.6493227307887718 0.7062812148002597 0.28204048805319004
		outer loop
			vertex -0.006595826242119074 0.008249999955296516 -0.002344157313928008
			vertex -0.005105339922010899 0.007000000216066837 -0.0026453740429133177
			vertex -0.006215196568518877 0.008249999955296516 -0.0032204552553594112
		endloop
	endfacet
	facet normal 0.6743240754443259 0.7085354525601454 -0.2080013311052243
		outer loop
			vertex -0.004240174312144518 0.005750000011175871 0.0015069582732394338
			vertex -0.0030253396835178137 0.0044999998062849045 0.001187358284369111
			vertex -0.0031685156282037497 0.0044999998062849045 0.0007231930503621697
		endloop
	endfacet
	facet normal 0.6826918926213054 0.7052256918915017 -0.19128121508734938
		outer loop
			vertex -0.004240174312144518 0.005750000011175871 0.0015069582732394338
			vertex -0.0031685156282037497 0.0044999998062849045 0.0007231930503621697
			vertex -0.004405878484249115 0.005750000011175871 0.0009155520820058882
		endloop
	endfacet
	facet normal 0.7079314951770134 0.7062811041904197 0
		outer loop
			vertex -0.00573659548535943 0.007000000216066837 0.00039239387842826545
			vertex -0.004489509388804436 0.005750000011175871 -0.000307090871501714
			vertex -0.00573659548535943 0.007000000216066837 -0.00039239387842826545
		endloop
	endfacet
	facet normal 0.7079314951770134 0.7062811041904197 0
		outer loop
			vertex -0.00573659548535943 0.007000000216066837 0.00039239387842826545
			vertex -0.004489509388804436 0.005750000011175871 0.000307090871501714
			vertex -0.004489509388804436 0.005750000011175871 -0.000307090871501714
		endloop
	endfacet
	facet normal 0.6778382631731873 0.7102571116915585 0.18992136338474963
		outer loop
			vertex -0.0068535883910954 0.008249999955296516 -0.0014241921016946435
			vertex -0.006595826242119074 0.008249999955296516 -0.002344157313928008
			vertex -0.008017444983124733 0.009499999694526196 -0.0019450112013146281
		endloop
	endfacet
	facet normal 0.6816794329952941 0.7062811509079167 0.19099760863268203
		outer loop
			vertex -0.0068535883910954 0.008249999955296516 -0.0014241921016946435
			vertex -0.005418000277131796 0.007000000216066837 -0.00192555773537606
			vertex -0.006595826242119074 0.008249999955296516 -0.002344157313928008
		endloop
	endfacet
	facet normal 0.696723560190669 0.7046589976935423 0.13428319941367126
		outer loop
			vertex -0.0068535883910954 0.008249999955296516 -0.0014241921016946435
			vertex -0.008017444983124733 0.009499999694526196 -0.0019450112013146281
			vertex -0.008166027255356312 0.009499999694526196 -0.001174097415059805
		endloop
	endfacet
	facet normal 0.6816794458411042 0.706281082316521 0.19099781642618036
		outer loop
			vertex -0.0068535883910954 0.008249999955296516 -0.0014241921016946435
			vertex -0.005629733670502901 0.007000000216066837 -0.0011698721209540963
			vertex -0.005418000277131796 0.007000000216066837 -0.00192555773537606
		endloop
	endfacet
	facet normal 0.6507519273095789 0.7047156633167618 -0.28266192346845226
		outer loop
			vertex -0.00399548327550292 0.005750000011175871 0.0020702925976365805
			vertex -0.0030253396835178137 0.0044999998062849045 0.001187358284369111
			vertex -0.004240174312144518 0.005750000011175871 0.0015069582732394338
		endloop
	endfacet
	facet normal 0.6352592822621101 0.7091232015736839 -0.30592471179967984
		outer loop
			vertex -0.00399548327550292 0.005750000011175871 0.0020702925976365805
			vertex -0.002814582549035549 0.0044999998062849045 0.0016250000335276127
			vertex -0.0030253396835178137 0.0044999998062849045 0.001187358284369111
		endloop
	endfacet
	facet normal 0.701337793809001 0.706281106814614 -0.09639656182586247
		outer loop
			vertex -0.005629733670502901 0.007000000216066837 0.0011698721209540963
			vertex -0.004489509388804436 0.005750000011175871 0.000307090871501714
			vertex -0.00573659548535943 0.007000000216066837 0.00039239387842826545
		endloop
	endfacet
	facet normal 0.7013378305569279 0.7062810818823406 -0.09639647713901356
		outer loop
			vertex -0.005629733670502901 0.007000000216066837 0.0011698721209540963
			vertex -0.004405878484249115 0.005750000011175871 0.0009155520820058882
			vertex -0.004489509388804436 0.005750000011175871 0.000307090871501714
		endloop
	endfacet
	facet normal 0.701337663479542 0.7062812386767615 0.09639654391250904
		outer loop
			vertex -0.006983681581914425 0.008249999955296516 -0.0004776968853548169
			vertex -0.00573659548535943 0.007000000216066837 -0.00039239387842826545
			vertex -0.005629733670502901 0.007000000216066837 -0.0011698721209540963
		endloop
	endfacet
	facet normal 0.7013377479438776 0.7062810974425899 0.09639696418612423
		outer loop
			vertex -0.006983681581914425 0.008249999955296516 -0.0004776968853548169
			vertex -0.005629733670502901 0.007000000216066837 -0.0011698721209540963
			vertex -0.0068535883910954 0.008249999955296516 -0.0014241921016946435
		endloop
	endfacet
	facet normal 0.6960071976745802 0.7116335598683661 0.09566429456309558
		outer loop
			vertex -0.006983681581914425 0.008249999955296516 -0.0004776968853548169
			vertex -0.0068535883910954 0.008249999955296516 -0.0014241921016946435
			vertex -0.008166027255356312 0.009499999694526196 -0.001174097415059805
		endloop
	endfacet
	facet normal 0.7058251717969218 0.70517253771491 0.0673982114789383
		outer loop
			vertex -0.006983681581914425 0.008249999955296516 -0.0004776968853548169
			vertex -0.008166027255356312 0.009499999694526196 -0.001174097415059805
			vertex -0.0082406559959054 0.009499999694526196 -0.00039255080628208816
		endloop
	endfacet
	facet normal 0.6065021039317947 0.7043618313321233 -0.3688219197509334
		outer loop
			vertex -0.003676364431157708 0.005750000011175871 0.0025950614362955093
			vertex -0.002814582549035549 0.0044999998062849045 0.0016250000335276127
			vertex -0.00399548327550292 0.005750000011175871 0.0020702925976365805
		endloop
	endfacet
	facet normal 0.5822577473233229 0.7094966148003906 -0.3969766608615117
		outer loop
			vertex -0.003676364431157708 0.005750000011175871 0.0025950614362955093
			vertex -0.002540952293202281 0.0044999998062849045 0.0020263418555259705
			vertex -0.002814582549035549 0.0044999998062849045 0.0016250000335276127
		endloop
	endfacet
	facet normal 0.681679589016556 0.7062810077826704 -0.1909975810415278
		outer loop
			vertex -0.005418000277131796 0.007000000216066837 0.00192555773537606
			vertex -0.004240174312144518 0.005750000011175871 0.0015069582732394338
			vertex -0.004405878484249115 0.005750000011175871 0.0009155520820058882
		endloop
	endfacet
	facet normal 0.6816794459714803 0.7062810821808075 -0.19099781646271008
		outer loop
			vertex -0.005418000277131796 0.007000000216066837 0.00192555773537606
			vertex -0.004405878484249115 0.005750000011175871 0.0009155520820058882
			vertex -0.005629733670502901 0.007000000216066837 0.0011698721209540963
		endloop
	endfacet
	facet normal 0.7079313636222491 0.7062812360525678 0
		outer loop
			vertex -0.006983681581914425 0.008249999955296516 0.0004776968853548169
			vertex -0.00573659548535943 0.007000000216066837 0.00039239387842826545
			vertex -0.00573659548535943 0.007000000216066837 -0.00039239387842826545
		endloop
	endfacet
	facet normal 0.7058251717969218 0.70517253771491 -0.0673982114789383
		outer loop
			vertex -0.006983681581914425 0.008249999955296516 0.0004776968853548169
			vertex -0.0082406559959054 0.009499999694526196 0.00039255080628208816
			vertex -0.008166027255356312 0.009499999694526196 0.001174097415059805
		endloop
	endfacet
	facet normal 0.7051368042942543 0.7090712850127882 0
		outer loop
			vertex -0.006983681581914425 0.008249999955296516 0.0004776968853548169
			vertex -0.0082406559959054 0.009499999694526196 -0.00039255080628208816
			vertex -0.0082406559959054 0.009499999694526196 0.00039255080628208816
		endloop
	endfacet
	facet normal 0.7079313636222492 0.7062812360525678 0
		outer loop
			vertex -0.006983681581914425 0.008249999955296516 0.0004776968853548169
			vertex -0.00573659548535943 0.007000000216066837 -0.00039239387842826545
			vertex -0.006983681581914425 0.008249999955296516 -0.0004776968853548169
		endloop
	endfacet
	facet normal 0.7051368042942543 0.7090712850127882 0
		outer loop
			vertex -0.006983681581914425 0.008249999955296516 0.0004776968853548169
			vertex -0.006983681581914425 0.008249999955296516 -0.0004776968853548169
			vertex -0.0082406559959054 0.009499999694526196 -0.00039255080628208816
		endloop
	endfacet
	facet normal 0.5507832311987946 0.7041650924827182 -0.4480952518818073
		outer loop
			vertex -0.0032887619454413652 0.005750000011175871 0.003071489045396447
			vertex -0.002540952293202281 0.0044999998062849045 0.0020263418555259705
			vertex -0.003676364431157708 0.005750000011175871 0.0025950614362955093
		endloop
	endfacet
	facet normal 0.51647017312197 0.709656480006585 -0.4792141907957506
		outer loop
			vertex -0.0032887619454413652 0.005750000011175871 0.003071489045396447
			vertex -0.0022105614189058542 0.0044999998062849045 0.002382418606430292
			vertex -0.002540952293202281 0.0044999998062849045 0.0020263418555259705
		endloop
	endfacet
	facet normal 0.6493225724710726 0.7062811295537709 -0.2820410660095408
		outer loop
			vertex -0.005105339922010899 0.007000000216066837 0.0026453740429133177
			vertex -0.00399548327550292 0.005750000011175871 0.0020702925976365805
			vertex -0.004240174312144518 0.005750000011175871 0.0015069582732394338
		endloop
	endfacet
	facet normal 0.6493228500888847 0.7062810106936315 -0.2820407245169222
		outer loop
			vertex -0.005105339922010899 0.007000000216066837 0.0026453740429133177
			vertex -0.004240174312144518 0.005750000011175871 0.0015069582732394338
			vertex -0.005418000277131796 0.007000000216066837 0.00192555773537606
		endloop
	endfacet
	facet normal 0.701337622036914 0.7062812248302474 -0.09639694688055482
		outer loop
			vertex -0.0068535883910954 0.008249999955296516 0.0014241921016946435
			vertex -0.00573659548535943 0.007000000216066837 0.00039239387842826545
			vertex -0.006983681581914425 0.008249999955296516 0.0004776968853548169
		endloop
	endfacet
	facet normal 0.696723560190669 0.7046589976935423 -0.13428319941367126
		outer loop
			vertex -0.0068535883910954 0.008249999955296516 0.0014241921016946435
			vertex -0.008166027255356312 0.009499999694526196 0.001174097415059805
			vertex -0.008017444983124733 0.009499999694526196 0.0019450112013146281
		endloop
	endfacet
	facet normal 0.701337816757603 0.7062810835961287 -0.09639656498007197
		outer loop
			vertex -0.0068535883910954 0.008249999955296516 0.0014241921016946435
			vertex -0.005629733670502901 0.007000000216066837 0.0011698721209540963
			vertex -0.00573659548535943 0.007000000216066837 0.00039239387842826545
		endloop
	endfacet
	facet normal 0.6960071976745802 0.7116335598683661 -0.09566429456309558
		outer loop
			vertex -0.0068535883910954 0.008249999955296516 0.0014241921016946435
			vertex -0.006983681581914425 0.008249999955296516 0.0004776968853548169
			vertex -0.008166027255356312 0.009499999694526196 0.001174097415059805
		endloop
	endfacet
	facet normal 0.4846641339684529 0.7041257056295045 -0.5189486177998376
		outer loop
			vertex -0.002839895663782954 0.005750000011175871 0.003490700852125883
			vertex -0.0022105614189058542 0.0044999998062849045 0.002382418606430292
			vertex -0.0032887619454413652 0.005750000011175871 0.003071489045396447
		endloop
	endfacet
	facet normal 0.4393119006612525 0.7096031914009208 -0.5508796281321595
		outer loop
			vertex -0.002839895663782954 0.005750000011175871 0.003490700852125883
			vertex -0.0018307901918888092 0.0044999998062849045 0.0026852760929614305
			vertex -0.0022105614189058542 0.0044999998062849045 0.002382418606430292
		endloop
	endfacet
	facet normal 0.6048704587992717 0.706281136417138 -0.3678296948497696
		outer loop
			vertex -0.004697577096521854 0.007000000216066837 0.0033159118611365557
			vertex -0.003676364431157708 0.005750000011175871 0.0025950614362955093
			vertex -0.00399548327550292 0.005750000011175871 0.0020702925976365805
		endloop
	endfacet
	facet normal 0.6048704914031722 0.7062811243645044 -0.3678296643775438
		outer loop
			vertex -0.004697577096521854 0.007000000216066837 0.0033159118611365557
			vertex -0.00399548327550292 0.005750000011175871 0.0020702925976365805
			vertex -0.005105339922010899 0.007000000216066837 0.0026453740429133177
		endloop
	endfacet
	facet normal 0.6574888546276232 0.7059917375113034 -0.2632186783004336
		outer loop
			vertex -0.006595826242119074 0.008249999955296516 0.002344157313928008
			vertex -0.0077962568029761314 0.009499999694526196 0.002698310650885105
			vertex -0.007504464127123356 0.009499999694526196 0.0034271739423274994
		endloop
	endfacet
	facet normal 0.6780350553208997 0.707553665326791 -0.19908860951498014
		outer loop
			vertex -0.006595826242119074 0.008249999955296516 0.002344157313928008
			vertex -0.008017444983124733 0.009499999694526196 0.0019450112013146281
			vertex -0.0077962568029761314 0.009499999694526196 0.002698310650885105
		endloop
	endfacet
	facet normal 0.681679373487064 0.7062811576325584 -0.19099779615350856
		outer loop
			vertex -0.006595826242119074 0.008249999955296516 0.002344157313928008
			vertex -0.005418000277131796 0.007000000216066837 0.00192555773537606
			vertex -0.005629733670502901 0.007000000216066837 0.0011698721209540963
		endloop
	endfacet
	facet normal 0.6816794924289717 0.7062810890411747 -0.1909976252852166
		outer loop
			vertex -0.006595826242119074 0.008249999955296516 0.002344157313928008
			vertex -0.005629733670502901 0.007000000216066837 0.0011698721209540963
			vertex -0.0068535883910954 0.008249999955296516 0.0014241921016946435
		endloop
	endfacet
	facet normal 0.6778382631731873 0.7102571116915585 -0.18992136338474963
		outer loop
			vertex -0.006595826242119074 0.008249999955296516 0.002344157313928008
			vertex -0.0068535883910954 0.008249999955296516 0.0014241921016946435
			vertex -0.008017444983124733 0.009499999694526196 0.0019450112013146281
		endloop
	endfacet
	facet normal 0.3524347317783337 0.709336652203591 -0.6104353148998966
		outer loop
			vertex -0.002338127698749304 0.005750000011175871 0.003844887251034379
			vertex -0.0014101221458986402 0.0044999998062849045 0.0029281487222760916
			vertex -0.0018307901918888092 0.0044999998062849045 0.0026852760929614305
		endloop
	endfacet
	facet normal 0.40941885435213365 0.7042437940606371 -0.5800145517382003
		outer loop
			vertex -0.002338127698749304 0.005750000011175871 0.003844887251034379
			vertex -0.0018307901918888092 0.0044999998062849045 0.0026852760929614305
			vertex -0.002839895663782954 0.005750000011175871 0.003490700852125883
		endloop
	endfacet
	facet normal 0.5491502552023596 0.7062811258256868 -0.4467672419880218
		outer loop
			vertex -0.0042023067362606525 0.007000000216066837 0.003924680408090353
			vertex -0.003676364431157708 0.005750000011175871 0.0025950614362955093
			vertex -0.004697577096521854 0.007000000216066837 0.0033159118611365557
		endloop
	endfacet
	facet normal 0.5491505934921341 0.7062810139646912 -0.4467670030119108
		outer loop
			vertex -0.0042023067362606525 0.007000000216066837 0.003924680408090353
			vertex -0.0032887619454413652 0.005750000011175871 0.003071489045396447
			vertex -0.003676364431157708 0.005750000011175871 0.0025950614362955093
		endloop
	endfacet
	facet normal 0.6308512058046273 0.7044532744259662 -0.3252265983670189
		outer loop
			vertex -0.006215196568518877 0.008249999955296516 0.0032204552553594112
			vertex -0.007504464127123356 0.009499999694526196 0.0034271739423274994
			vertex -0.007144709583371878 0.009499999694526196 0.004124999977648258
		endloop
	endfacet
	facet normal 0.64932265801614 0.7062812205924434 -0.282040641087953
		outer loop
			vertex -0.006215196568518877 0.008249999955296516 0.0032204552553594112
			vertex -0.005105339922010899 0.007000000216066837 0.0026453740429133177
			vertex -0.005418000277131796 0.007000000216066837 0.00192555773537606
		endloop
	endfacet
	facet normal 0.6447156037988783 0.7112803687372344 -0.28003933164338113
		outer loop
			vertex -0.006215196568518877 0.008249999955296516 0.0032204552553594112
			vertex -0.006595826242119074 0.008249999955296516 0.002344157313928008
			vertex -0.007504464127123356 0.009499999694526196 0.0034271739423274994
		endloop
	endfacet
	facet normal 0.6493227795512903 0.7062811615121604 -0.28204050923372764
		outer loop
			vertex -0.006215196568518877 0.008249999955296516 0.0032204552553594112
			vertex -0.005418000277131796 0.007000000216066837 0.00192555773537606
			vertex -0.006595826242119074 0.008249999955296516 0.002344157313928008
		endloop
	endfacet
	facet normal 0.2576944198033389 0.7088562243322796 -0.6565945775191915
		outer loop
			vertex -0.0017928049201145768 0.005750000011175871 0.004127450753003359
			vertex -0.0009579543257132173 0.0044999998062849045 0.00310561154037714
			vertex -0.0014101221458986402 0.0044999998062849045 0.0029281487222760916
		endloop
	endfacet
	facet normal 0.32650124425061816 0.7045191805174883 -0.6301187679999422
		outer loop
			vertex -0.0017928049201145768 0.005750000011175871 0.004127450753003359
			vertex -0.0014101221458986402 0.0044999998062849045 0.0029281487222760916
			vertex -0.002338127698749304 0.005750000011175871 0.003844887251034379
		endloop
	endfacet
	facet normal 0.4832008673746276 0.7062810712714848 -0.5173818417107537
		outer loop
			vertex -0.003628755686804652 0.007000000216066837 0.004460339900106192
			vertex -0.002839895663782954 0.005750000011175871 0.003490700852125883
			vertex -0.0032887619454413652 0.005750000011175871 0.003071489045396447
		endloop
	endfacet
	facet normal 0.48320101998798615 0.7062810248411158 -0.5173817625621849
		outer loop
			vertex -0.003628755686804652 0.007000000216066837 0.004460339900106192
			vertex -0.0032887619454413652 0.005750000011175871 0.003071489045396447
			vertex -0.0042023067362606525 0.007000000216066837 0.003924680408090353
		endloop
	endfacet
	facet normal 0.5558183297101518 0.707113305754793 -0.4371003971432031
		outer loop
			vertex -0.00571878906339407 0.008249999955296516 0.004036762285977602
			vertex -0.006720251403748989 0.009499999694526196 0.004785469733178616
			vertex -0.006234934087842703 0.009499999694526196 0.005402600858360529
		endloop
	endfacet
	facet normal 0.5955069979327023 0.7063321631869933 -0.3827091462988089
		outer loop
			vertex -0.00571878906339407 0.008249999955296516 0.004036762285977602
			vertex -0.007144709583371878 0.009499999694526196 0.004124999977648258
			vertex -0.006720251403748989 0.009499999694526196 0.004785469733178616
		endloop
	endfacet
	facet normal 0.6048705143746924 0.7062810974161532 -0.36782967834682595
		outer loop
			vertex -0.00571878906339407 0.008249999955296516 0.004036762285977602
			vertex -0.004697577096521854 0.007000000216066837 0.0033159118611365557
			vertex -0.005105339922010899 0.007000000216066837 0.0026453740429133177
		endloop
	endfacet
	facet normal 0.6048702489022597 0.706281210776165 -0.3678298972316862
		outer loop
			vertex -0.00571878906339407 0.008249999955296516 0.004036762285977602
			vertex -0.005105339922010899 0.007000000216066837 0.0026453740429133177
			vertex -0.006215196568518877 0.008249999955296516 0.0032204552553594112
		endloop
	endfacet
	facet normal 0.6007483463934301 0.7110838925105334 -0.3653233117631937
		outer loop
			vertex -0.00571878906339407 0.008249999955296516 0.004036762285977602
			vertex -0.006215196568518877 0.008249999955296516 0.0032204552553594112
			vertex -0.007144709583371878 0.009499999694526196 0.004124999977648258
		endloop
	endfacet
	facet normal 0.23751538850211773 0.7049511824708788 -0.6683040255434631
		outer loop
			vertex -0.0012140854960307479 0.005750000011175871 0.00433312775567174
			vertex -0.0009579543257132173 0.0044999998062849045 0.00310561154037714
			vertex -0.0017928049201145768 0.005750000011175871 0.004127450753003359
		endloop
	endfacet
	facet normal 0.15711125661386824 0.7081605986493718 -0.6883491988560565
		outer loop
			vertex -0.0012140854960307479 0.005750000011175871 0.00433312775567174
			vertex -0.00048438736121170223 0.0044999998062849045 0.0032137001398950815
			vertex -0.0009579543257132173 0.0044999998062849045 0.00310561154037714
		endloop
	endfacet
	facet normal 0.40825007904059724 0.7062810613140482 -0.5783588292681697
		outer loop
			vertex -0.002987607615068555 0.007000000216066837 0.00491291144862771
			vertex -0.002839895663782954 0.005750000011175871 0.003490700852125883
			vertex -0.003628755686804652 0.007000000216066837 0.004460339900106192
		endloop
	endfacet
	facet normal 0.40825011030957603 0.7062810523504413 -0.5783588181423123
		outer loop
			vertex -0.002987607615068555 0.007000000216066837 0.00491291144862771
			vertex -0.002338127698749304 0.005750000011175871 0.003844887251034379
			vertex -0.002839895663782954 0.005750000011175871 0.003490700852125883
		endloop
	endfacet
	facet normal 0.5135965808378274 0.704556115383704 -0.4897134186716939
		outer loop
			vertex -0.0051158517599105835 0.008249999955296516 0.0047778720036149025
			vertex -0.006234934087842703 0.009499999694526196 0.005402600858360529
			vertex -0.005693151615560055 0.009499999694526196 0.005970805883407593
		endloop
	endfacet
	facet normal 0.5458091816873841 0.7105724436007302 -0.444048577951822
		outer loop
			vertex -0.0051158517599105835 0.008249999955296516 0.0047778720036149025
			vertex -0.00571878906339407 0.008249999955296516 0.004036762285977602
			vertex -0.006234934087842703 0.009499999694526196 0.005402600858360529
		endloop
	endfacet
	facet normal 0.5491501572175538 0.7062812524369408 -0.4467671622714032
		outer loop
			vertex -0.0051158517599105835 0.008249999955296516 0.0047778720036149025
			vertex -0.0042023067362606525 0.007000000216066837 0.003924680408090353
			vertex -0.004697577096521854 0.007000000216066837 0.0033159118611365557
		endloop
	endfacet
	facet normal 0.5491505066296808 0.7062811171612395 -0.44676694663978506
		outer loop
			vertex -0.0051158517599105835 0.008249999955296516 0.0047778720036149025
			vertex -0.004697577096521854 0.007000000216066837 0.0033159118611365557
			vertex -0.00571878906339407 0.008249999955296516 0.004036762285977602
		endloop
	endfacet
	facet normal 0.05283176822031188 0.7072479383770589 -0.7049887643984939
		outer loop
			vertex -0.0006127498927526176 0.005750000011175871 0.0044580865651369095
			vertex 0 0.0044999998062849045 0.0032500000670552254
			vertex -0.00048438736121170223 0.0044999998062849045 0.0032137001398950815
		endloop
	endfacet
	facet normal 0.1441832409184518 0.7055388567489028 -0.6938487692975343
		outer loop
			vertex -0.0006127498927526176 0.005750000011175871 0.0044580865651369095
			vertex -0.00048438736121170223 0.0044999998062849045 0.0032137001398950815
			vertex -0.0012140854960307479 0.005750000011175871 0.00433312775567174
		endloop
	endfacet
	facet normal 0.32569452539351684 0.7062811409132792 -0.6285618713531139
		outer loop
			vertex -0.0022908062674105167 0.007000000216066837 0.005273965187370777
			vertex -0.0017928049201145768 0.005750000011175871 0.004127450753003359
			vertex -0.002338127698749304 0.005750000011175871 0.003844887251034379
		endloop
	endfacet
	facet normal 0.3256948226399083 0.7062810589132884 -0.6285618094713381
		outer loop
			vertex -0.0022908062674105167 0.007000000216066837 0.005273965187370777
			vertex -0.002338127698749304 0.005750000011175871 0.003844887251034379
			vertex -0.002987607615068555 0.007000000216066837 0.00491291144862771
		endloop
	endfacet
	facet normal 0.40933344340388766 0.7085327791538051 -0.5748281769152428
		outer loop
			vertex -0.0044176154769957066 0.008249999955296516 0.0054299789480865
			vertex -0.005099811591207981 0.009499999694526196 0.006484937854111195
			vertex -0.0044602868147194386 0.009499999694526196 0.006940341554582119
		endloop
	endfacet
	facet normal 0.46416380149278186 0.7054117104022777 -0.535673673248091
		outer loop
			vertex -0.0044176154769957066 0.008249999955296516 0.0054299789480865
			vertex -0.005693151615560055 0.009499999694526196 0.005970805883407593
			vertex -0.005099811591207981 0.009499999694526196 0.006484937854111195
		endloop
	endfacet
	facet normal 0.47958249782165263 0.7115550066114144 -0.5135076439054969
		outer loop
			vertex -0.0044176154769957066 0.008249999955296516 0.0054299789480865
			vertex -0.0051158517599105835 0.008249999955296516 0.0047778720036149025
			vertex -0.005693151615560055 0.009499999694526196 0.005970805883407593
		endloop
	endfacet
	facet normal 0.48320093314921553 0.7062811523647768 -0.5173816695806011
		outer loop
			vertex -0.0044176154769957066 0.008249999955296516 0.0054299789480865
			vertex -0.003628755686804652 0.007000000216066837 0.004460339900106192
			vertex -0.0042023067362606525 0.007000000216066837 0.003924680408090353
		endloop
	endfacet
	facet normal 0.4832006860460566 0.7062812413802803 -0.5173817788431968
		outer loop
			vertex -0.0044176154769957066 0.008249999955296516 0.0054299789480865
			vertex -0.0042023067362606525 0.007000000216066837 0.003924680408090353
			vertex -0.0051158517599105835 0.008249999955296516 0.0047778720036149025
		endloop
	endfacet
	facet normal 0.2370719260630191 0.7062810145723498 -0.667056242252048
		outer loop
			vertex -0.0015513314865529537 0.007000000216066837 0.005536774173378944
			vertex -0.0012140854960307479 0.005750000011175871 0.00433312775567174
			vertex -0.0017928049201145768 0.005750000011175871 0.004127450753003359
		endloop
	endfacet
	facet normal 0.23707148261080277 0.7062811346204219 -0.6670562727476635
		outer loop
			vertex -0.0015513314865529537 0.007000000216066837 0.005536774173378944
			vertex -0.0017928049201145768 0.005750000011175871 0.004127450753003359
			vertex -0.0022908062674105167 0.007000000216066837 0.005273965187370777
		endloop
	endfacet
	facet normal 0.35462007654069194 0.7049671859095509 -0.6142197229860359
		outer loop
			vertex -0.0036370877642184496 0.008249999955296516 0.005980935879051685
			vertex -0.0044602868147194386 0.009499999694526196 0.006940341554582119
			vertex -0.0037803687155246735 0.009499999694526196 0.007332892622798681
		endloop
	endfacet
	facet normal 0.4082502797425745 0.7062811659893334 -0.5783585597696791
		outer loop
			vertex -0.0036370877642184496 0.008249999955296516 0.005980935879051685
			vertex -0.003628755686804652 0.007000000216066837 0.004460339900106192
			vertex -0.0044176154769957066 0.008249999955296516 0.0054299789480865
		endloop
	endfacet
	facet normal 0.4082499547155731 0.7062812774052585 -0.5783586531396664
		outer loop
			vertex -0.0036370877642184496 0.008249999955296516 0.005980935879051685
			vertex -0.002987607615068555 0.007000000216066837 0.00491291144862771
			vertex -0.003628755686804652 0.007000000216066837 0.004460339900106192
		endloop
	endfacet
	facet normal 0.40638601043289857 0.7095067148369172 -0.5757174933296343
		outer loop
			vertex -0.0036370877642184496 0.008249999955296516 0.005980935879051685
			vertex -0.0044176154769957066 0.008249999955296516 0.0054299789480865
			vertex -0.0044602868147194386 0.009499999694526196 0.006940341554582119
		endloop
	endfacet
	facet normal 0.0483112764220087 0.706281112790961 -0.706281112790961
		outer loop
			vertex -0.0007829582318663597 0.007000000216066837 0.005696444306522608
			vertex 0 0.009499999694526196 0.008249999955296516
			vertex 0 0.0044999998062849045 0.0032500000670552254
		endloop
	endfacet
	facet normal 0.048311856466765224 0.706281184981007 -0.7062810009242493
		outer loop
			vertex -0.0007829582318663597 0.007000000216066837 0.005696444306522608
			vertex 0 0.0044999998062849045 0.0032500000670552254
			vertex -0.0006127498927526176 0.005750000011175871 0.0044580865651369095
		endloop
	endfacet
	facet normal 0.14403272500053865 0.7062811596832642 -0.6931244459730032
		outer loop
			vertex -0.0007829582318663597 0.007000000216066837 0.005696444306522608
			vertex -0.0006127498927526176 0.005750000011175871 0.0044580865651369095
			vertex -0.0012140854960307479 0.005750000011175871 0.00433312775567174
		endloop
	endfacet
	facet normal 0.14403322517023442 0.7062810242877448 -0.6931244800020518
		outer loop
			vertex -0.0007829582318663597 0.007000000216066837 0.005696444306522608
			vertex -0.0012140854960307479 0.005750000011175871 0.00433312775567174
			vertex -0.0015513314865529537 0.007000000216066837 0.005536774173378944
		endloop
	endfacet
	facet normal 0.2946993374188956 0.7047959754225621 -0.6453022032761265
		outer loop
			vertex -0.0027888077311217785 0.008249999955296516 0.006420479156076908
			vertex -0.0037803687155246735 0.009499999694526196 0.007332892622798681
			vertex -0.0030662151984870434 0.009499999694526196 0.0076590352691709995
		endloop
	endfacet
	facet normal 0.32569477595489543 0.7062811606251329 -0.6285617193734485
		outer loop
			vertex -0.0027888077311217785 0.008249999955296516 0.006420479156076908
			vertex -0.0022908062674105167 0.007000000216066837 0.005273965187370777
			vertex -0.002987607615068555 0.007000000216066837 0.00491291144862771
		endloop
	endfacet
	facet normal 0.3232008483701046 0.711672663394938 -0.6237493340992036
		outer loop
			vertex -0.0027888077311217785 0.008249999955296516 0.006420479156076908
			vertex -0.0036370877642184496 0.008249999955296516 0.005980935879051685
			vertex -0.0037803687155246735 0.009499999694526196 0.007332892622798681
		endloop
	endfacet
	facet normal 0.32569444974816325 0.7062812692094169 -0.6285617663898881
		outer loop
			vertex -0.0027888077311217785 0.008249999955296516 0.006420479156076908
			vertex -0.002987607615068555 0.007000000216066837 0.00491291144862771
			vertex -0.0036370877642184496 0.008249999955296516 0.005980935879051685
		endloop
	endfacet
	facet normal 0.1670413350115017 0.7056848547709561 -0.6885536131228054
		outer loop
			vertex -0.0018885773606598377 0.008249999955296516 0.0067404210567474365
			vertex -0.002324293600395322 0.009499999694526196 0.007915817201137543
			vertex -0.0015613227151334286 0.009499999694526196 0.008100911974906921
		endloop
	endfacet
	facet normal 0.2309709444286932 0.7080268825408649 -0.6673457547847157
		outer loop
			vertex -0.0018885773606598377 0.008249999955296516 0.0067404210567474365
			vertex -0.0030662151984870434 0.009499999694526196 0.0076590352691709995
			vertex -0.002324293600395322 0.009499999694526196 0.007915817201137543
		endloop
	endfacet
	facet normal 0.23707177181506667 0.7062811638607164 -0.6670561390048195
		outer loop
			vertex -0.0018885773606598377 0.008249999955296516 0.0067404210567474365
			vertex -0.0022908062674105167 0.007000000216066837 0.005273965187370777
			vertex -0.0027888077311217785 0.008249999955296516 0.006420479156076908
		endloop
	endfacet
	facet normal 0.2370714358611731 0.7062812745480906 -0.6670561412066053
		outer loop
			vertex -0.0018885773606598377 0.008249999955296516 0.0067404210567474365
			vertex -0.0015513314865529537 0.007000000216066837 0.005536774173378944
			vertex -0.0022908062674105167 0.007000000216066837 0.005273965187370777
		endloop
	endfacet
	facet normal 0.2358558594415698 0.7099019282552483 -0.6636348889461423
		outer loop
			vertex -0.0018885773606598377 0.008249999955296516 0.0067404210567474365
			vertex -0.0027888077311217785 0.008249999955296516 0.006420479156076908
			vertex -0.0030662151984870434 0.009499999694526196 0.0076590352691709995
		endloop
	endfacet
	facet normal 0.1440328354408596 0.7062812669397102 -0.6931243137308807
		outer loop
			vertex -0.0009531665709801018 0.008249999955296516 0.006934801582247019
			vertex -0.0015513314865529537 0.007000000216066837 0.005536774173378944
			vertex -0.0018885773606598377 0.008249999955296516 0.0067404210567474365
		endloop
	endfacet
	facet normal 0.033399049984683335 0.7122418620247883 -0.7011390970696064
		outer loop
			vertex -0.0009531665709801018 0.008249999955296516 0.006934801582247019
			vertex -0.0007842123741284013 0.009499999694526196 0.008212643675506115
			vertex 0 0.009499999694526196 0.008249999955296516
		endloop
	endfacet
	facet normal 0.10100324342128505 0.7044876456191278 -0.7024923501280274
		outer loop
			vertex -0.0009531665709801018 0.008249999955296516 0.006934801582247019
			vertex -0.0015613227151334286 0.009499999694526196 0.008100911974906921
			vertex -0.0007842123741284013 0.009499999694526196 0.008212643675506115
		endloop
	endfacet
	facet normal 0.04831104297145004 0.7062811570288375 -0.706281084521607
		outer loop
			vertex -0.0009531665709801018 0.008249999955296516 0.006934801582247019
			vertex 0 0.009499999694526196 0.008249999955296516
			vertex -0.0007829582318663597 0.007000000216066837 0.005696444306522608
		endloop
	endfacet
	facet normal 0.14297855928847183 0.7114373833958305 -0.6880508564711529
		outer loop
			vertex -0.0009531665709801018 0.008249999955296516 0.006934801582247019
			vertex -0.0018885773606598377 0.008249999955296516 0.0067404210567474365
			vertex -0.0015613227151334286 0.009499999694526196 0.008100911974906921
		endloop
	endfacet
	facet normal 0.14403320054034344 0.7062811456279591 -0.6931243614767576
		outer loop
			vertex -0.0009531665709801018 0.008249999955296516 0.006934801582247019
			vertex -0.0007829582318663597 0.007000000216066837 0.005696444306522608
			vertex -0.0015513314865529537 0.007000000216066837 0.005536774173378944
		endloop
	endfacet
	facet normal 0.03085828190891252 0.7067703384884226 -0.7067697327069055
		outer loop
			vertex 0.0008715574513189495 0.00930000003427267 -0.009961946867406368
			vertex 0 0.009499999694526196 -0.009800000116229057
			vertex 0.0008541262941434979 0.009499999694526196 -0.009762708097696304
		endloop
	endfacet
	facet normal 0.03085815624212195 0.7067700383410919 -0.7067700383410919
		outer loop
			vertex 0.0008715574513189495 0.00930000003427267 -0.009961946867406368
			vertex 0 0.00930000003427267 -0.009999999776482582
			vertex 0 0.009499999694526196 -0.009800000116229057
		endloop
	endfacet
	facet normal 0.092339728577135 0.706770865772999 -0.701390274968784
		outer loop
			vertex 0.0017364817904308438 0.00930000003427267 -0.009848077781498432
			vertex 0.0008541262941434979 0.009499999694526196 -0.009762708097696304
			vertex 0.0017017521895468235 0.009499999694526196 -0.009651116095483303
		endloop
	endfacet
	facet normal 0.09233955837861157 0.7067703474156914 -0.7013908197092017
		outer loop
			vertex 0.0017364817904308438 0.00930000003427267 -0.009848077781498432
			vertex 0.0008715574513189495 0.00930000003427267 -0.009961946867406368
			vertex 0.0008541262941434979 0.009499999694526196 -0.009762708097696304
		endloop
	endfacet
	facet normal 0.1531184555007127 0.7067706584700214 -0.6906735661011856
		outer loop
			vertex 0.00258819037117064 0.00930000003427267 -0.009659258648753166
			vertex 0.0017017521895468235 0.009499999694526196 -0.009651116095483303
			vertex 0.002536426531150937 0.009499999694526196 -0.009466073475778103
		endloop
	endfacet
	facet normal 0.1531185029570832 0.7067708599823893 -0.6906733493714201
		outer loop
			vertex 0.00258819037117064 0.00930000003427267 -0.009659258648753166
			vertex 0.0017364817904308438 0.00930000003427267 -0.009848077781498432
			vertex 0.0017017521895468235 0.009499999694526196 -0.009651116095483303
		endloop
	endfacet
	facet normal 0.21273231822207186 0.7067714979734742 -0.6746991999670628
		outer loop
			vertex 0.003420201363041997 0.00930000003427267 -0.009396926499903202
			vertex 0.002536426531150937 0.009499999694526196 -0.009466073475778103
			vertex 0.0033517973497509956 0.009499999694526196 -0.009208987466990948
		endloop
	endfacet
	facet normal 0.21273220091948886 0.7067706652543743 -0.6747001092543558
		outer loop
			vertex 0.003420201363041997 0.00930000003427267 -0.009396926499903202
			vertex 0.00258819037117064 0.00930000003427267 -0.009659258648753166
			vertex 0.002536426531150937 0.009499999694526196 -0.009466073475778103
		endloop
	endfacet
	facet normal 0.2707263023317179 0.7067704010174107 -0.6535922807618552
		outer loop
			vertex 0.004226182587444782 0.00930000003427267 -0.009063078090548515
			vertex 0.0033517973497509956 0.009499999694526196 -0.009208987466990948
			vertex 0.004141659010201693 0.009499999694526196 -0.008881816640496254
		endloop
	endfacet
	facet normal 0.2707263500681625 0.7067714580231638 -0.6535911179801805
		outer loop
			vertex 0.004226182587444782 0.00930000003427267 -0.009063078090548515
			vertex 0.003420201363041997 0.00930000003427267 -0.009396926499903202
			vertex 0.0033517973497509956 0.009499999694526196 -0.009208987466990948
		endloop
	endfacet
	facet normal 0.32666093192270634 0.7067711835991762 -0.6275086689355044
		outer loop
			vertex 0.004999999888241291 0.00930000003427267 -0.008660254068672657
			vertex 0.004141659010201693 0.009499999694526196 -0.008881816640496254
			vertex 0.004900000058114529 0.009499999694526196 -0.00848704855889082
		endloop
	endfacet
	facet normal 0.32666097161325847 0.7067704036442052 -0.6275095267462394
		outer loop
			vertex 0.004999999888241291 0.00930000003427267 -0.008660254068672657
			vertex 0.004226182587444782 0.00930000003427267 -0.009063078090548515
			vertex 0.004141659010201693 0.009499999694526196 -0.008881816640496254
		endloop
	endfacet
	facet normal 0.3801085265691492 0.7067711146246738 -0.5966507349879213
		outer loop
			vertex 0.005735764279961586 0.00930000003427267 -0.008191520348191261
			vertex 0.004999999888241291 0.00930000003427267 -0.008660254068672657
			vertex 0.004900000058114529 0.009499999694526196 -0.00848704855889082
		endloop
	endfacet
	facet normal 0.38010872605231644 0.7067697534220583 -0.5966522203315832
		outer loop
			vertex 0.005735764279961586 0.00930000003427267 -0.008191520348191261
			vertex 0.004900000058114529 0.009499999694526196 -0.00848704855889082
			vertex 0.005621049087494612 0.009499999694526196 -0.008027690462768078
		endloop
	endfacet
	facet normal 0.430664297114694 0.7067698021300275 -0.5612528039910254
		outer loop
			vertex 0.0064278761856257915 0.00930000003427267 -0.007660444360226393
			vertex 0.005735764279961586 0.00930000003427267 -0.008191520348191261
			vertex 0.005621049087494612 0.009499999694526196 -0.008027690462768078
		endloop
	endfacet
	facet normal 0.4306642086548448 0.7067701690369816 -0.5612524098328066
		outer loop
			vertex 0.0064278761856257915 0.00930000003427267 -0.007660444360226393
			vertex 0.005621049087494612 0.009499999694526196 -0.008027690462768078
			vertex 0.0062993187457323074 0.009499999694526196 -0.0075072357431054115
		endloop
	endfacet
	facet normal 0.47794191537985303 0.706770178809743 -0.5215816713308485
		outer loop
			vertex 0.007071067579090595 0.00930000003427267 -0.007071067579090595
			vertex 0.0064278761856257915 0.00930000003427267 -0.007660444360226393
			vertex 0.0062993187457323074 0.009499999694526196 -0.0075072357431054115
		endloop
	endfacet
	facet normal 0.4779417784131089 0.7067705891250633 -0.5215812408389761
		outer loop
			vertex 0.007071067579090595 0.00930000003427267 -0.007071067579090595
			vertex 0.0062993187457323074 0.009499999694526196 -0.0075072357431054115
			vertex 0.006929646246135235 0.009499999694526196 -0.006929646246135235
		endloop
	endfacet
	facet normal 0.5215815461201565 0.7067701746651488 -0.47794205815213875
		outer loop
			vertex 0.007660444360226393 0.00930000003427267 -0.0064278761856257915
			vertex 0.006929646246135235 0.009499999694526196 -0.006929646246135235
			vertex 0.0075072357431054115 0.009499999694526196 -0.0062993187457323074
		endloop
	endfacet
	facet normal 0.5215813721551755 0.7067705849805171 -0.47794164123564503
		outer loop
			vertex 0.007660444360226393 0.00930000003427267 -0.0064278761856257915
			vertex 0.007071067579090595 0.00930000003427267 -0.007071067579090595
			vertex 0.006929646246135235 0.009499999694526196 -0.006929646246135235
		endloop
	endfacet
	facet normal 0.5612527035799387 0.7067697984240007 -0.4306644340549927
		outer loop
			vertex 0.008191520348191261 0.00930000003427267 -0.005735764279961586
			vertex 0.0075072357431054115 0.009499999694526196 -0.0062993187457323074
			vertex 0.008027690462768078 0.009499999694526196 -0.005621049087494612
		endloop
	endfacet
	facet normal 0.561252516118734 0.7067701653308108 -0.43066407622258057
		outer loop
			vertex 0.008191520348191261 0.00930000003427267 -0.005735764279961586
			vertex 0.007660444360226393 0.00930000003427267 -0.0064278761856257915
			vertex 0.0075072357431054115 0.009499999694526196 -0.0062993187457323074
		endloop
	endfacet
	facet normal 0.5966510618101364 0.7067711283746403 -0.3801079879940368
		outer loop
			vertex 0.008660254068672657 0.00930000003427267 -0.004999999888241291
			vertex 0.008027690462768078 0.009499999694526196 -0.005621049087494612
			vertex 0.00848704855889082 0.009499999694526196 -0.004900000058114529
		endloop
	endfacet
	facet normal 0.596651870337534 0.706769767172047 -0.380109249866789
		outer loop
			vertex 0.008660254068672657 0.00930000003427267 -0.004999999888241291
			vertex 0.008191520348191261 0.00930000003427267 -0.005735764279961586
			vertex 0.008027690462768078 0.009499999694526196 -0.005621049087494612
		endloop
	endfacet
	facet normal 0.6275093670883817 0.7067703957657542 -0.32666129535875243
		outer loop
			vertex 0.009063078090548515 0.00930000003427267 -0.004226182587444782
			vertex 0.00848704855889082 0.009499999694526196 -0.004900000058114529
			vertex 0.008881816640496254 0.009499999694526196 -0.004141659010201693
		endloop
	endfacet
	facet normal 0.6275088425559723 0.7067711757212588 -0.32666061544614405
		outer loop
			vertex 0.009063078090548515 0.00930000003427267 -0.004226182587444782
			vertex 0.008660254068672657 0.00930000003427267 -0.004999999888241291
			vertex 0.00848704855889082 0.009499999694526196 -0.004900000058114529
		endloop
	endfacet
	facet normal 0.653591295287706 0.706771468700152 -0.27072589413569065
		outer loop
			vertex 0.009396926499903202 0.00930000003427267 -0.003420201363041997
			vertex 0.008881816640496254 0.009499999694526196 -0.004141659010201693
			vertex 0.009208987466990948 0.009499999694526196 -0.0033517973497509956
		endloop
	endfacet
	facet normal 0.6535920837443677 0.7067704116942969 -0.270726750100853
		outer loop
			vertex 0.009396926499903202 0.00930000003427267 -0.003420201363041997
			vertex 0.009063078090548515 0.00930000003427267 -0.004226182587444782
			vertex 0.008881816640496254 0.009499999694526196 -0.004141659010201693
		endloop
	endfacet
	facet normal 0.6747000014061234 0.7067706568430099 -0.21273257091540437
		outer loop
			vertex 0.009659258648753166 0.00930000003427267 -0.00258819037117064
			vertex 0.009208987466990948 0.009499999694526196 -0.0033517973497509956
			vertex 0.009466073475778103 0.009499999694526196 -0.002536426531150937
		endloop
	endfacet
	facet normal 0.6746993238437617 0.706771489562418 -0.2127319532803941
		outer loop
			vertex 0.009659258648753166 0.00930000003427267 -0.00258819037117064
			vertex 0.009396926499903202 0.00930000003427267 -0.003420201363041997
			vertex 0.009208987466990948 0.009499999694526196 -0.0033517973497509956
		endloop
	endfacet
	facet normal 0.6906733675669534 0.706770862017873 -0.15311841148678704
		outer loop
			vertex 0.009848077781498432 0.00930000003427267 -0.0017364817904308438
			vertex 0.009466073475778103 0.009499999694526196 -0.002536426531150937
			vertex 0.009651116095483303 0.009499999694526196 -0.0017017521895468235
		endloop
	endfacet
	facet normal 0.6906735439349406 0.7067706605055167 -0.15311854609075126
		outer loop
			vertex 0.009848077781498432 0.00930000003427267 -0.0017364817904308438
			vertex 0.009659258648753166 0.00930000003427267 -0.00258819037117064
			vertex 0.009466073475778103 0.009499999694526196 -0.002536426531150937
		endloop
	endfacet
	facet normal 0.7013907935893255 0.7067703421798011 -0.09233979685478548
		outer loop
			vertex 0.009961946867406368 0.00930000003427267 -0.0008715574513189495
			vertex 0.009651116095483303 0.009499999694526196 -0.0017017521895468235
			vertex 0.009762708097696304 0.009499999694526196 -0.0008541262941434979
		endloop
	endfacet
	facet normal 0.7013903114609998 0.7067708605370745 -0.09233949146668004
		outer loop
			vertex 0.009961946867406368 0.00930000003427267 -0.0008715574513189495
			vertex 0.009848077781498432 0.00930000003427267 -0.0017364817904308438
			vertex 0.009651116095483303 0.009499999694526196 -0.0017017521895468235
		endloop
	endfacet
	facet normal 0.706770035309306 0.706770035309306 -0.030858295120839877
		outer loop
			vertex 0.009999999776482582 0.00930000003427267 -7.273661342432952e-18
			vertex 0.009762708097696304 0.009499999694526196 -0.0008541262941434979
			vertex 0.009800000116229057 0.009499999694526196 -7.128188396825701e-18
		endloop
	endfacet
	facet normal 0.7067697417907371 0.7067703354566259 -0.030858143294491887
		outer loop
			vertex 0.009999999776482582 0.00930000003427267 -7.273661342432952e-18
			vertex 0.009961946867406368 0.00930000003427267 -0.0008715574513189495
			vertex 0.009762708097696304 0.009499999694526196 -0.0008541262941434979
		endloop
	endfacet
	facet normal 0.7067697327069055 0.7067703384884226 0.030858281908912263
		outer loop
			vertex 0.009961946867406368 0.00930000003427267 0.0008715574513189495
			vertex 0.009800000116229057 0.009499999694526196 -7.128188396825701e-18
			vertex 0.009762708097696304 0.009499999694526196 0.0008541262941434979
		endloop
	endfacet
	facet normal 0.7067700383410919 0.7067700383410919 0.03085815624212169
		outer loop
			vertex 0.009961946867406368 0.00930000003427267 0.0008715574513189495
			vertex 0.009999999776482582 0.00930000003427267 -7.273661342432952e-18
			vertex 0.009800000116229057 0.009499999694526196 -7.128188396825701e-18
		endloop
	endfacet
	facet normal 0.7013902749687841 0.7067708657729991 0.09233972857713502
		outer loop
			vertex 0.009848077781498432 0.00930000003427267 0.0017364817904308438
			vertex 0.009762708097696304 0.009499999694526196 0.0008541262941434979
			vertex 0.009651116095483303 0.009499999694526196 0.0017017521895468235
		endloop
	endfacet
	facet normal 0.7013908197092017 0.7067703474156914 0.09233955837861157
		outer loop
			vertex 0.009848077781498432 0.00930000003427267 0.0017364817904308438
			vertex 0.009961946867406368 0.00930000003427267 0.0008715574513189495
			vertex 0.009762708097696304 0.009499999694526196 0.0008541262941434979
		endloop
	endfacet
	facet normal 0.6906735661011856 0.7067706584700214 0.1531184555007127
		outer loop
			vertex 0.009659258648753166 0.00930000003427267 0.00258819037117064
			vertex 0.009651116095483303 0.009499999694526196 0.0017017521895468235
			vertex 0.009466073475778103 0.009499999694526196 0.002536426531150937
		endloop
	endfacet
	facet normal 0.69067334937142 0.7067708599823892 0.1531185029570832
		outer loop
			vertex 0.009659258648753166 0.00930000003427267 0.00258819037117064
			vertex 0.009848077781498432 0.00930000003427267 0.0017364817904308438
			vertex 0.009651116095483303 0.009499999694526196 0.0017017521895468235
		endloop
	endfacet
	facet normal 0.6746991999670628 0.7067714979734742 0.21273231822207186
		outer loop
			vertex 0.009396926499903202 0.00930000003427267 0.003420201363041997
			vertex 0.009466073475778103 0.009499999694526196 0.002536426531150937
			vertex 0.009208987466990948 0.009499999694526196 0.0033517973497509956
		endloop
	endfacet
	facet normal 0.6747001092543558 0.7067706652543743 0.21273220091948886
		outer loop
			vertex 0.009396926499903202 0.00930000003427267 0.003420201363041997
			vertex 0.009659258648753166 0.00930000003427267 0.00258819037117064
			vertex 0.009466073475778103 0.009499999694526196 0.002536426531150937
		endloop
	endfacet
	facet normal 0.6535922807618552 0.7067704010174107 0.2707263023317179
		outer loop
			vertex 0.009063078090548515 0.00930000003427267 0.004226182587444782
			vertex 0.009208987466990948 0.009499999694526196 0.0033517973497509956
			vertex 0.008881816640496254 0.009499999694526196 0.004141659010201693
		endloop
	endfacet
	facet normal 0.6535911179801805 0.7067714580231638 0.2707263500681625
		outer loop
			vertex 0.009063078090548515 0.00930000003427267 0.004226182587444782
			vertex 0.009396926499903202 0.00930000003427267 0.003420201363041997
			vertex 0.009208987466990948 0.009499999694526196 0.0033517973497509956
		endloop
	endfacet
	facet normal 0.6275086689355044 0.7067711835991762 0.32666093192270634
		outer loop
			vertex 0.008660254068672657 0.00930000003427267 0.004999999888241291
			vertex 0.008881816640496254 0.009499999694526196 0.004141659010201693
			vertex 0.00848704855889082 0.009499999694526196 0.004900000058114529
		endloop
	endfacet
	facet normal 0.6275095267462395 0.7067704036442053 0.32666097161325847
		outer loop
			vertex 0.008660254068672657 0.00930000003427267 0.004999999888241291
			vertex 0.009063078090548515 0.00930000003427267 0.004226182587444782
			vertex 0.008881816640496254 0.009499999694526196 0.004141659010201693
		endloop
	endfacet
	facet normal 0.5966522203315832 0.7067697534220583 0.38010872605231644
		outer loop
			vertex 0.008191520348191261 0.00930000003427267 0.005735764279961586
			vertex 0.00848704855889082 0.009499999694526196 0.004900000058114529
			vertex 0.008027690462768078 0.009499999694526196 0.005621049087494612
		endloop
	endfacet
	facet normal 0.5966507349879213 0.7067711146246738 0.3801085265691492
		outer loop
			vertex 0.008191520348191261 0.00930000003427267 0.005735764279961586
			vertex 0.008660254068672657 0.00930000003427267 0.004999999888241291
			vertex 0.00848704855889082 0.009499999694526196 0.004900000058114529
		endloop
	endfacet
	facet normal 0.5612524098328066 0.7067701690369816 0.4306642086548448
		outer loop
			vertex 0.007660444360226393 0.00930000003427267 0.0064278761856257915
			vertex 0.008027690462768078 0.009499999694526196 0.005621049087494612
			vertex 0.0075072357431054115 0.009499999694526196 0.0062993187457323074
		endloop
	endfacet
	facet normal 0.5612528039910255 0.7067698021300276 0.4306642971146941
		outer loop
			vertex 0.007660444360226393 0.00930000003427267 0.0064278761856257915
			vertex 0.008191520348191261 0.00930000003427267 0.005735764279961586
			vertex 0.008027690462768078 0.009499999694526196 0.005621049087494612
		endloop
	endfacet
	facet normal 0.521581240838976 0.7067705891250632 0.4779417784131088
		outer loop
			vertex 0.007071067579090595 0.00930000003427267 0.007071067579090595
			vertex 0.0075072357431054115 0.009499999694526196 0.0062993187457323074
			vertex 0.006929646246135235 0.009499999694526196 0.006929646246135235
		endloop
	endfacet
	facet normal 0.5215816713308485 0.706770178809743 0.47794191537985303
		outer loop
			vertex 0.007071067579090595 0.00930000003427267 0.007071067579090595
			vertex 0.007660444360226393 0.00930000003427267 0.0064278761856257915
			vertex 0.0075072357431054115 0.009499999694526196 0.0062993187457323074
		endloop
	endfacet
	facet normal 0.47794205815213864 0.7067701746651487 0.5215815461201564
		outer loop
			vertex 0.0064278761856257915 0.00930000003427267 0.007660444360226393
			vertex 0.006929646246135235 0.009499999694526196 0.006929646246135235
			vertex 0.0062993187457323074 0.009499999694526196 0.0075072357431054115
		endloop
	endfacet
	facet normal 0.47794164123564503 0.7067705849805171 0.5215813721551755
		outer loop
			vertex 0.0064278761856257915 0.00930000003427267 0.007660444360226393
			vertex 0.007071067579090595 0.00930000003427267 0.007071067579090595
			vertex 0.006929646246135235 0.009499999694526196 0.006929646246135235
		endloop
	endfacet
	facet normal 0.4306644340549926 0.7067697984240006 0.5612527035799386
		outer loop
			vertex 0.005735764279961586 0.00930000003427267 0.008191520348191261
			vertex 0.0062993187457323074 0.009499999694526196 0.0075072357431054115
			vertex 0.005621049087494612 0.009499999694526196 0.008027690462768078
		endloop
	endfacet
	facet normal 0.43066407622258057 0.7067701653308108 0.561252516118734
		outer loop
			vertex 0.005735764279961586 0.00930000003427267 0.008191520348191261
			vertex 0.0064278761856257915 0.00930000003427267 0.007660444360226393
			vertex 0.0062993187457323074 0.009499999694526196 0.0075072357431054115
		endloop
	endfacet
	facet normal 0.38010798799403683 0.7067711283746402 0.5966510618101363
		outer loop
			vertex 0.004999999888241291 0.00930000003427267 0.008660254068672657
			vertex 0.005621049087494612 0.009499999694526196 0.008027690462768078
			vertex 0.004900000058114529 0.009499999694526196 0.00848704855889082
		endloop
	endfacet
	facet normal 0.380109249866789 0.706769767172047 0.596651870337534
		outer loop
			vertex 0.004999999888241291 0.00930000003427267 0.008660254068672657
			vertex 0.005735764279961586 0.00930000003427267 0.008191520348191261
			vertex 0.005621049087494612 0.009499999694526196 0.008027690462768078
		endloop
	endfacet
	facet normal 0.3266612953587524 0.7067703957657541 0.6275093670883817
		outer loop
			vertex 0.004226182587444782 0.00930000003427267 0.009063078090548515
			vertex 0.004900000058114529 0.009499999694526196 0.00848704855889082
			vertex 0.004141659010201693 0.009499999694526196 0.008881816640496254
		endloop
	endfacet
	facet normal 0.32666061544614405 0.7067711757212588 0.6275088425559723
		outer loop
			vertex 0.004226182587444782 0.00930000003427267 0.009063078090548515
			vertex 0.004999999888241291 0.00930000003427267 0.008660254068672657
			vertex 0.004900000058114529 0.009499999694526196 0.00848704855889082
		endloop
	endfacet
	facet normal 0.270726750100853 0.7067704116942969 0.6535920837443677
		outer loop
			vertex 0.003420201363041997 0.00930000003427267 0.009396926499903202
			vertex 0.004226182587444782 0.00930000003427267 0.009063078090548515
			vertex 0.004141659010201693 0.009499999694526196 0.008881816640496254
		endloop
	endfacet
	facet normal 0.2707258941356906 0.7067714687001518 0.6535912952877059
		outer loop
			vertex 0.003420201363041997 0.00930000003427267 0.009396926499903202
			vertex 0.004141659010201693 0.009499999694526196 0.008881816640496254
			vertex 0.0033517973497509956 0.009499999694526196 0.009208987466990948
		endloop
	endfacet
	facet normal 0.2127319532803941 0.706771489562418 0.6746993238437617
		outer loop
			vertex 0.00258819037117064 0.00930000003427267 0.009659258648753166
			vertex 0.003420201363041997 0.00930000003427267 0.009396926499903202
			vertex 0.0033517973497509956 0.009499999694526196 0.009208987466990948
		endloop
	endfacet
	facet normal 0.21273257091540437 0.7067706568430099 0.6747000014061234
		outer loop
			vertex 0.00258819037117064 0.00930000003427267 0.009659258648753166
			vertex 0.0033517973497509956 0.009499999694526196 0.009208987466990948
			vertex 0.002536426531150937 0.009499999694526196 0.009466073475778103
		endloop
	endfacet
	facet normal 0.15311854609075126 0.7067706605055167 0.6906735439349406
		outer loop
			vertex 0.0017364817904308438 0.00930000003427267 0.009848077781498432
			vertex 0.00258819037117064 0.00930000003427267 0.009659258648753166
			vertex 0.002536426531150937 0.009499999694526196 0.009466073475778103
		endloop
	endfacet
	facet normal 0.15311841148678704 0.706770862017873 0.6906733675669534
		outer loop
			vertex 0.0017364817904308438 0.00930000003427267 0.009848077781498432
			vertex 0.002536426531150937 0.009499999694526196 0.009466073475778103
			vertex 0.0017017521895468235 0.009499999694526196 0.009651116095483303
		endloop
	endfacet
	facet normal 0.09233949146668004 0.7067708605370745 0.7013903114609998
		outer loop
			vertex 0.0008715574513189495 0.00930000003427267 0.009961946867406368
			vertex 0.0017364817904308438 0.00930000003427267 0.009848077781498432
			vertex 0.0017017521895468235 0.009499999694526196 0.009651116095483303
		endloop
	endfacet
	facet normal 0.09233979685478548 0.7067703421798011 0.7013907935893255
		outer loop
			vertex 0.0008715574513189495 0.00930000003427267 0.009961946867406368
			vertex 0.0017017521895468235 0.009499999694526196 0.009651116095483303
			vertex 0.0008541262941434979 0.009499999694526196 0.009762708097696304
		endloop
	endfacet
	facet normal 0.030858143294491668 0.7067703354566259 0.7067697417907371
		outer loop
			vertex 1.224646790546622e-18 0.00930000003427267 0.009999999776482582
			vertex 0.0008715574513189495 0.00930000003427267 0.009961946867406368
			vertex 0.0008541262941434979 0.009499999694526196 0.009762708097696304
		endloop
	endfacet
	facet normal 0.03085829512083966 0.7067700353093059 0.7067700353093059
		outer loop
			vertex 1.224646790546622e-18 0.00930000003427267 0.009999999776482582
			vertex 0.0008541262941434979 0.009499999694526196 0.009762708097696304
			vertex 1.2124003815777743e-18 0.009499999694526196 0.009800000116229057
		endloop
	endfacet
	facet normal 0.04361926031629725 0 -0.9990482271289305
		outer loop
			vertex 0.0008715574513189495 -0.00930000003427267 -0.009961946867406368
			vertex 0 0.00930000003427267 -0.009999999776482582
			vertex 0.0008715574513189495 0.00930000003427267 -0.009961946867406368
		endloop
	endfacet
	facet normal 0.043619260316297315 2.8719455352426158e-18 -0.9990482271289306
		outer loop
			vertex 0.0008715574513189495 -0.00930000003427267 -0.009961946867406368
			vertex 1.224646790546622e-18 -0.00930000003427267 -0.009999999776482582
			vertex 0 0.00930000003427267 -0.009999999776482582
		endloop
	endfacet
	facet normal 0.13052578257846845 0 -0.9914449153040619
		outer loop
			vertex 0.0017364817904308438 -0.00930000003427267 -0.009848077781498432
			vertex 0.0008715574513189495 0.00930000003427267 -0.009961946867406368
			vertex 0.0017364817904308438 0.00930000003427267 -0.009848077781498432
		endloop
	endfacet
	facet normal 0.13052578257846845 0 -0.9914449153040619
		outer loop
			vertex 0.0017364817904308438 -0.00930000003427267 -0.009848077781498432
			vertex 0.0008715574513189495 -0.00930000003427267 -0.009961946867406368
			vertex 0.0008715574513189495 0.00930000003427267 -0.009961946867406368
		endloop
	endfacet
	facet normal 0.21643948967677695 0 -0.9762960346679979
		outer loop
			vertex 0.00258819037117064 -0.00930000003427267 -0.009659258648753166
			vertex 0.0017364817904308438 0.00930000003427267 -0.009848077781498432
			vertex 0.00258819037117064 0.00930000003427267 -0.009659258648753166
		endloop
	endfacet
	facet normal 0.21643948967677695 0 -0.9762960346679979
		outer loop
			vertex 0.00258819037117064 -0.00930000003427267 -0.009659258648753166
			vertex 0.0017364817904308438 -0.00930000003427267 -0.009848077781498432
			vertex 0.0017364817904308438 0.00930000003427267 -0.009848077781498432
		endloop
	endfacet
	facet normal 0.3007058941529286 0 -0.9537169209056154
		outer loop
			vertex 0.003420201363041997 -0.00930000003427267 -0.009396926499903202
			vertex 0.00258819037117064 0.00930000003427267 -0.009659258648753166
			vertex 0.003420201363041997 0.00930000003427267 -0.009396926499903202
		endloop
	endfacet
	facet normal 0.3007058941529286 0 -0.9537169209056154
		outer loop
			vertex 0.003420201363041997 -0.00930000003427267 -0.009396926499903202
			vertex 0.00258819037117064 -0.00930000003427267 -0.009659258648753166
			vertex 0.00258819037117064 0.00930000003427267 -0.009659258648753166
		endloop
	endfacet
	facet normal 0.38268348636256655 0 -0.9238795101447979
		outer loop
			vertex 0.004226182587444782 -0.00930000003427267 -0.009063078090548515
			vertex 0.003420201363041997 0.00930000003427267 -0.009396926499903202
			vertex 0.004226182587444782 0.00930000003427267 -0.009063078090548515
		endloop
	endfacet
	facet normal 0.38268348636256655 0 -0.9238795101447979
		outer loop
			vertex 0.004226182587444782 -0.00930000003427267 -0.009063078090548515
			vertex 0.003420201363041997 -0.00930000003427267 -0.009396926499903202
			vertex 0.003420201363041997 0.00930000003427267 -0.009396926499903202
		endloop
	endfacet
	facet normal 0.46174882241170545 0 -0.8870107242877076
		outer loop
			vertex 0.004999999888241291 -0.00930000003427267 -0.008660254068672657
			vertex 0.004226182587444782 -0.00930000003427267 -0.009063078090548515
			vertex 0.004226182587444782 0.00930000003427267 -0.009063078090548515
		endloop
	endfacet
	facet normal 0.46174882241170545 0 -0.8870107242877076
		outer loop
			vertex 0.004999999888241291 -0.00930000003427267 -0.008660254068672657
			vertex 0.004226182587444782 0.00930000003427267 -0.009063078090548515
			vertex 0.004999999888241291 0.00930000003427267 -0.008660254068672657
		endloop
	endfacet
	facet normal 0.5372996960429693 0 -0.843391389944273
		outer loop
			vertex 0.005735764279961586 -0.00930000003427267 -0.008191520348191261
			vertex 0.004999999888241291 0.00930000003427267 -0.008660254068672657
			vertex 0.005735764279961586 0.00930000003427267 -0.008191520348191261
		endloop
	endfacet
	facet normal 0.5372996960429693 0 -0.843391389944273
		outer loop
			vertex 0.005735764279961586 -0.00930000003427267 -0.008191520348191261
			vertex 0.004999999888241291 -0.00930000003427267 -0.008660254068672657
			vertex 0.004999999888241291 0.00930000003427267 -0.008660254068672657
		endloop
	endfacet
	facet normal 0.6087613164920275 0 -0.7933534266283178
		outer loop
			vertex 0.0064278761856257915 -0.00930000003427267 -0.007660444360226393
			vertex 0.005735764279961586 0.00930000003427267 -0.008191520348191261
			vertex 0.0064278761856257915 0.00930000003427267 -0.007660444360226393
		endloop
	endfacet
	facet normal 0.6087613164920275 0 -0.7933534266283178
		outer loop
			vertex 0.0064278761856257915 -0.00930000003427267 -0.007660444360226393
			vertex 0.005735764279961586 -0.00930000003427267 -0.008191520348191261
			vertex 0.005735764279961586 0.00930000003427267 -0.008191520348191261
		endloop
	endfacet
	facet normal 0.6755904920224617 0 -0.7372770761992049
		outer loop
			vertex 0.007071067579090595 -0.00930000003427267 -0.007071067579090595
			vertex 0.0064278761856257915 0.00930000003427267 -0.007660444360226393
			vertex 0.007071067579090595 0.00930000003427267 -0.007071067579090595
		endloop
	endfacet
	facet normal 0.6755904920224617 0 -0.7372770761992049
		outer loop
			vertex 0.007071067579090595 -0.00930000003427267 -0.007071067579090595
			vertex 0.0064278761856257915 -0.00930000003427267 -0.007660444360226393
			vertex 0.0064278761856257915 0.00930000003427267 -0.007660444360226393
		endloop
	endfacet
	facet normal 0.7372770761992049 0 -0.6755904920224617
		outer loop
			vertex 0.007660444360226393 -0.00930000003427267 -0.0064278761856257915
			vertex 0.007071067579090595 -0.00930000003427267 -0.007071067579090595
			vertex 0.007071067579090595 0.00930000003427267 -0.007071067579090595
		endloop
	endfacet
	facet normal 0.7372770761992049 0 -0.6755904920224617
		outer loop
			vertex 0.007660444360226393 -0.00930000003427267 -0.0064278761856257915
			vertex 0.007071067579090595 0.00930000003427267 -0.007071067579090595
			vertex 0.007660444360226393 0.00930000003427267 -0.0064278761856257915
		endloop
	endfacet
	facet normal 0.7933534266283178 0 -0.6087613164920275
		outer loop
			vertex 0.008191520348191261 -0.00930000003427267 -0.005735764279961586
			vertex 0.007660444360226393 0.00930000003427267 -0.0064278761856257915
			vertex 0.008191520348191261 0.00930000003427267 -0.005735764279961586
		endloop
	endfacet
	facet normal 0.7933534266283178 0 -0.6087613164920275
		outer loop
			vertex 0.008191520348191261 -0.00930000003427267 -0.005735764279961586
			vertex 0.007660444360226393 -0.00930000003427267 -0.0064278761856257915
			vertex 0.007660444360226393 0.00930000003427267 -0.0064278761856257915
		endloop
	endfacet
	facet normal 0.843391389944273 0 -0.5372996960429693
		outer loop
			vertex 0.008660254068672657 -0.00930000003427267 -0.004999999888241291
			vertex 0.008191520348191261 0.00930000003427267 -0.005735764279961586
			vertex 0.008660254068672657 0.00930000003427267 -0.004999999888241291
		endloop
	endfacet
	facet normal 0.843391389944273 0 -0.5372996960429693
		outer loop
			vertex 0.008660254068672657 -0.00930000003427267 -0.004999999888241291
			vertex 0.008191520348191261 -0.00930000003427267 -0.005735764279961586
			vertex 0.008191520348191261 0.00930000003427267 -0.005735764279961586
		endloop
	endfacet
	facet normal 0.8870107242877076 0 -0.46174882241170545
		outer loop
			vertex 0.009063078090548515 -0.00930000003427267 -0.004226182587444782
			vertex 0.008660254068672657 0.00930000003427267 -0.004999999888241291
			vertex 0.009063078090548515 0.00930000003427267 -0.004226182587444782
		endloop
	endfacet
	facet normal 0.8870107242877076 0 -0.46174882241170545
		outer loop
			vertex 0.009063078090548515 -0.00930000003427267 -0.004226182587444782
			vertex 0.008660254068672657 -0.00930000003427267 -0.004999999888241291
			vertex 0.008660254068672657 0.00930000003427267 -0.004999999888241291
		endloop
	endfacet
	facet normal 0.9238795101447979 0 -0.38268348636256655
		outer loop
			vertex 0.009396926499903202 -0.00930000003427267 -0.003420201363041997
			vertex 0.009063078090548515 0.00930000003427267 -0.004226182587444782
			vertex 0.009396926499903202 0.00930000003427267 -0.003420201363041997
		endloop
	endfacet
	facet normal 0.9238795101447979 0 -0.38268348636256655
		outer loop
			vertex 0.009396926499903202 -0.00930000003427267 -0.003420201363041997
			vertex 0.009063078090548515 -0.00930000003427267 -0.004226182587444782
			vertex 0.009063078090548515 0.00930000003427267 -0.004226182587444782
		endloop
	endfacet
	facet normal 0.9537169209056154 0 -0.3007058941529286
		outer loop
			vertex 0.009659258648753166 -0.00930000003427267 -0.00258819037117064
			vertex 0.009396926499903202 0.00930000003427267 -0.003420201363041997
			vertex 0.009659258648753166 0.00930000003427267 -0.00258819037117064
		endloop
	endfacet
	facet normal 0.9537169209056154 0 -0.3007058941529286
		outer loop
			vertex 0.009659258648753166 -0.00930000003427267 -0.00258819037117064
			vertex 0.009396926499903202 -0.00930000003427267 -0.003420201363041997
			vertex 0.009396926499903202 0.00930000003427267 -0.003420201363041997
		endloop
	endfacet
	facet normal 0.9762960346679979 0 -0.21643948967677695
		outer loop
			vertex 0.009848077781498432 -0.00930000003427267 -0.0017364817904308438
			vertex 0.009659258648753166 0.00930000003427267 -0.00258819037117064
			vertex 0.009848077781498432 0.00930000003427267 -0.0017364817904308438
		endloop
	endfacet
	facet normal 0.9762960346679979 0 -0.21643948967677695
		outer loop
			vertex 0.009848077781498432 -0.00930000003427267 -0.0017364817904308438
			vertex 0.009659258648753166 -0.00930000003427267 -0.00258819037117064
			vertex 0.009659258648753166 0.00930000003427267 -0.00258819037117064
		endloop
	endfacet
	facet normal 0.9914449153040619 0 -0.13052578257846845
		outer loop
			vertex 0.009961946867406368 -0.00930000003427267 -0.0008715574513189495
			vertex 0.009848077781498432 0.00930000003427267 -0.0017364817904308438
			vertex 0.009961946867406368 0.00930000003427267 -0.0008715574513189495
		endloop
	endfacet
	facet normal 0.9914449153040619 0 -0.13052578257846845
		outer loop
			vertex 0.009961946867406368 -0.00930000003427267 -0.0008715574513189495
			vertex 0.009848077781498432 -0.00930000003427267 -0.0017364817904308438
			vertex 0.009848077781498432 0.00930000003427267 -0.0017364817904308438
		endloop
	endfacet
	facet normal 0.9990482271289306 0 -0.04361926031629761
		outer loop
			vertex 0.009999999776482582 -0.00930000003427267 -7.273661342432952e-18
			vertex 0.009961946867406368 0.00930000003427267 -0.0008715574513189495
			vertex 0.009999999776482582 0.00930000003427267 -7.273661342432952e-18
		endloop
	endfacet
	facet normal 0.9990482271289306 0 -0.04361926031629761
		outer loop
			vertex 0.009999999776482582 -0.00930000003427267 -7.273661342432952e-18
			vertex 0.009961946867406368 -0.00930000003427267 -0.0008715574513189495
			vertex 0.009961946867406368 0.00930000003427267 -0.0008715574513189495
		endloop
	endfacet
	facet normal 0.9990482271289307 0 0.04361926031629689
		outer loop
			vertex 0.009961946867406368 -0.00930000003427267 0.0008715574513189495
			vertex 0.009999999776482582 0.00930000003427267 -7.273661342432952e-18
			vertex 0.009961946867406368 0.00930000003427267 0.0008715574513189495
		endloop
	endfacet
	facet normal 0.9990482271289307 0 0.04361926031629689
		outer loop
			vertex 0.009961946867406368 -0.00930000003427267 0.0008715574513189495
			vertex 0.009999999776482582 -0.00930000003427267 -7.273661342432952e-18
			vertex 0.009999999776482582 0.00930000003427267 -7.273661342432952e-18
		endloop
	endfacet
	facet normal 0.9914449153040619 0 0.13052578257846845
		outer loop
			vertex 0.009848077781498432 -0.00930000003427267 0.0017364817904308438
			vertex 0.009961946867406368 0.00930000003427267 0.0008715574513189495
			vertex 0.009848077781498432 0.00930000003427267 0.0017364817904308438
		endloop
	endfacet
	facet normal 0.9914449153040619 0 0.13052578257846845
		outer loop
			vertex 0.009848077781498432 -0.00930000003427267 0.0017364817904308438
			vertex 0.009961946867406368 -0.00930000003427267 0.0008715574513189495
			vertex 0.009961946867406368 0.00930000003427267 0.0008715574513189495
		endloop
	endfacet
	facet normal 0.9762960346679979 0 0.21643948967677695
		outer loop
			vertex 0.009659258648753166 -0.00930000003427267 0.00258819037117064
			vertex 0.009848077781498432 0.00930000003427267 0.0017364817904308438
			vertex 0.009659258648753166 0.00930000003427267 0.00258819037117064
		endloop
	endfacet
	facet normal 0.9762960346679979 0 0.21643948967677695
		outer loop
			vertex 0.009659258648753166 -0.00930000003427267 0.00258819037117064
			vertex 0.009848077781498432 -0.00930000003427267 0.0017364817904308438
			vertex 0.009848077781498432 0.00930000003427267 0.0017364817904308438
		endloop
	endfacet
	facet normal 0.9537169209056154 0 0.3007058941529286
		outer loop
			vertex 0.009396926499903202 -0.00930000003427267 0.003420201363041997
			vertex 0.009659258648753166 0.00930000003427267 0.00258819037117064
			vertex 0.009396926499903202 0.00930000003427267 0.003420201363041997
		endloop
	endfacet
	facet normal 0.9537169209056154 0 0.3007058941529286
		outer loop
			vertex 0.009396926499903202 -0.00930000003427267 0.003420201363041997
			vertex 0.009659258648753166 -0.00930000003427267 0.00258819037117064
			vertex 0.009659258648753166 0.00930000003427267 0.00258819037117064
		endloop
	endfacet
	facet normal 0.9238795101447979 0 0.38268348636256655
		outer loop
			vertex 0.009063078090548515 -0.00930000003427267 0.004226182587444782
			vertex 0.009396926499903202 0.00930000003427267 0.003420201363041997
			vertex 0.009063078090548515 0.00930000003427267 0.004226182587444782
		endloop
	endfacet
	facet normal 0.9238795101447979 0 0.38268348636256655
		outer loop
			vertex 0.009063078090548515 -0.00930000003427267 0.004226182587444782
			vertex 0.009396926499903202 -0.00930000003427267 0.003420201363041997
			vertex 0.009396926499903202 0.00930000003427267 0.003420201363041997
		endloop
	endfacet
	facet normal 0.8870107242877076 0 0.46174882241170545
		outer loop
			vertex 0.008660254068672657 -0.00930000003427267 0.004999999888241291
			vertex 0.009063078090548515 0.00930000003427267 0.004226182587444782
			vertex 0.008660254068672657 0.00930000003427267 0.004999999888241291
		endloop
	endfacet
	facet normal 0.8870107242877076 0 0.46174882241170545
		outer loop
			vertex 0.008660254068672657 -0.00930000003427267 0.004999999888241291
			vertex 0.009063078090548515 -0.00930000003427267 0.004226182587444782
			vertex 0.009063078090548515 0.00930000003427267 0.004226182587444782
		endloop
	endfacet
	facet normal 0.843391389944273 0 0.5372996960429693
		outer loop
			vertex 0.008191520348191261 -0.00930000003427267 0.005735764279961586
			vertex 0.008660254068672657 0.00930000003427267 0.004999999888241291
			vertex 0.008191520348191261 0.00930000003427267 0.005735764279961586
		endloop
	endfacet
	facet normal 0.843391389944273 0 0.5372996960429693
		outer loop
			vertex 0.008191520348191261 -0.00930000003427267 0.005735764279961586
			vertex 0.008660254068672657 -0.00930000003427267 0.004999999888241291
			vertex 0.008660254068672657 0.00930000003427267 0.004999999888241291
		endloop
	endfacet
	facet normal 0.7933534266283178 0 0.6087613164920275
		outer loop
			vertex 0.007660444360226393 -0.00930000003427267 0.0064278761856257915
			vertex 0.008191520348191261 0.00930000003427267 0.005735764279961586
			vertex 0.007660444360226393 0.00930000003427267 0.0064278761856257915
		endloop
	endfacet
	facet normal 0.7933534266283178 0 0.6087613164920275
		outer loop
			vertex 0.007660444360226393 -0.00930000003427267 0.0064278761856257915
			vertex 0.008191520348191261 -0.00930000003427267 0.005735764279961586
			vertex 0.008191520348191261 0.00930000003427267 0.005735764279961586
		endloop
	endfacet
	facet normal 0.7372770761992049 0 0.6755904920224617
		outer loop
			vertex 0.007071067579090595 -0.00930000003427267 0.007071067579090595
			vertex 0.007660444360226393 0.00930000003427267 0.0064278761856257915
			vertex 0.007071067579090595 0.00930000003427267 0.007071067579090595
		endloop
	endfacet
	facet normal 0.7372770761992049 0 0.6755904920224617
		outer loop
			vertex 0.007071067579090595 -0.00930000003427267 0.007071067579090595
			vertex 0.007660444360226393 -0.00930000003427267 0.0064278761856257915
			vertex 0.007660444360226393 0.00930000003427267 0.0064278761856257915
		endloop
	endfacet
	facet normal 0.6755904920224617 0 0.7372770761992049
		outer loop
			vertex 0.0064278761856257915 -0.00930000003427267 0.007660444360226393
			vertex 0.007071067579090595 0.00930000003427267 0.007071067579090595
			vertex 0.0064278761856257915 0.00930000003427267 0.007660444360226393
		endloop
	endfacet
	facet normal 0.6755904920224617 0 0.7372770761992049
		outer loop
			vertex 0.0064278761856257915 -0.00930000003427267 0.007660444360226393
			vertex 0.007071067579090595 -0.00930000003427267 0.007071067579090595
			vertex 0.007071067579090595 0.00930000003427267 0.007071067579090595
		endloop
	endfacet
	facet normal 0.6087613164920275 0 0.7933534266283178
		outer loop
			vertex 0.005735764279961586 -0.00930000003427267 0.008191520348191261
			vertex 0.0064278761856257915 0.00930000003427267 0.007660444360226393
			vertex 0.005735764279961586 0.00930000003427267 0.008191520348191261
		endloop
	endfacet
	facet normal 0.6087613164920275 0 0.7933534266283178
		outer loop
			vertex 0.005735764279961586 -0.00930000003427267 0.008191520348191261
			vertex 0.0064278761856257915 -0.00930000003427267 0.007660444360226393
			vertex 0.0064278761856257915 0.00930000003427267 0.007660444360226393
		endloop
	endfacet
	facet normal 0.5372996960429693 0 0.843391389944273
		outer loop
			vertex 0.004999999888241291 -0.00930000003427267 0.008660254068672657
			vertex 0.005735764279961586 0.00930000003427267 0.008191520348191261
			vertex 0.004999999888241291 0.00930000003427267 0.008660254068672657
		endloop
	endfacet
	facet normal 0.5372996960429693 0 0.843391389944273
		outer loop
			vertex 0.004999999888241291 -0.00930000003427267 0.008660254068672657
			vertex 0.005735764279961586 -0.00930000003427267 0.008191520348191261
			vertex 0.005735764279961586 0.00930000003427267 0.008191520348191261
		endloop
	endfacet
	facet normal 0.46174882241170545 0 0.8870107242877076
		outer loop
			vertex 0.004226182587444782 -0.00930000003427267 0.009063078090548515
			vertex 0.004999999888241291 0.00930000003427267 0.008660254068672657
			vertex 0.004226182587444782 0.00930000003427267 0.009063078090548515
		endloop
	endfacet
	facet normal 0.46174882241170545 0 0.8870107242877076
		outer loop
			vertex 0.004226182587444782 -0.00930000003427267 0.009063078090548515
			vertex 0.004999999888241291 -0.00930000003427267 0.008660254068672657
			vertex 0.004999999888241291 0.00930000003427267 0.008660254068672657
		endloop
	endfacet
	facet normal 0.38268348636256655 0 0.9238795101447979
		outer loop
			vertex 0.003420201363041997 -0.00930000003427267 0.009396926499903202
			vertex 0.004226182587444782 -0.00930000003427267 0.009063078090548515
			vertex 0.004226182587444782 0.00930000003427267 0.009063078090548515
		endloop
	endfacet
	facet normal 0.38268348636256655 0 0.9238795101447979
		outer loop
			vertex 0.003420201363041997 -0.00930000003427267 0.009396926499903202
			vertex 0.004226182587444782 0.00930000003427267 0.009063078090548515
			vertex 0.003420201363041997 0.00930000003427267 0.009396926499903202
		endloop
	endfacet
	facet normal 0.3007058941529286 0 0.9537169209056154
		outer loop
			vertex 0.00258819037117064 -0.00930000003427267 0.009659258648753166
			vertex 0.003420201363041997 -0.00930000003427267 0.009396926499903202
			vertex 0.003420201363041997 0.00930000003427267 0.009396926499903202
		endloop
	endfacet
	facet normal 0.3007058941529286 0 0.9537169209056154
		outer loop
			vertex 0.00258819037117064 -0.00930000003427267 0.009659258648753166
			vertex 0.003420201363041997 0.00930000003427267 0.009396926499903202
			vertex 0.00258819037117064 0.00930000003427267 0.009659258648753166
		endloop
	endfacet
	facet normal 0.21643948967677695 0 0.9762960346679979
		outer loop
			vertex 0.0017364817904308438 -0.00930000003427267 0.009848077781498432
			vertex 0.00258819037117064 -0.00930000003427267 0.009659258648753166
			vertex 0.00258819037117064 0.00930000003427267 0.009659258648753166
		endloop
	endfacet
	facet normal 0.21643948967677695 0 0.9762960346679979
		outer loop
			vertex 0.0017364817904308438 -0.00930000003427267 0.009848077781498432
			vertex 0.00258819037117064 0.00930000003427267 0.009659258648753166
			vertex 0.0017364817904308438 0.00930000003427267 0.009848077781498432
		endloop
	endfacet
	facet normal 0.13052578257846845 0 0.9914449153040619
		outer loop
			vertex 0.0008715574513189495 -0.00930000003427267 0.009961946867406368
			vertex 0.0017364817904308438 -0.00930000003427267 0.009848077781498432
			vertex 0.0017364817904308438 0.00930000003427267 0.009848077781498432
		endloop
	endfacet
	facet normal 0.13052578257846845 0 0.9914449153040619
		outer loop
			vertex 0.0008715574513189495 -0.00930000003427267 0.009961946867406368
			vertex 0.0017364817904308438 0.00930000003427267 0.009848077781498432
			vertex 0.0008715574513189495 0.00930000003427267 0.009961946867406368
		endloop
	endfacet
	facet normal 0.04361926031629725 0 0.9990482271289305
		outer loop
			vertex 0 -0.00930000003427267 0.009999999776482582
			vertex 0.0008715574513189495 -0.00930000003427267 0.009961946867406368
			vertex 0.0008715574513189495 0.00930000003427267 0.009961946867406368
		endloop
	endfacet
	facet normal 0.043619260316297315 -2.854735405280381e-18 0.9990482271289306
		outer loop
			vertex 0 -0.00930000003427267 0.009999999776482582
			vertex 0.0008715574513189495 0.00930000003427267 0.009961946867406368
			vertex 1.224646790546622e-18 0.00930000003427267 0.009999999776482582
		endloop
	endfacet
	facet normal 0.03085828190891252 -0.7067703384884226 0.7067697327069055
		outer loop
			vertex 0.0008715574513189495 -0.00930000003427267 0.009961946867406368
			vertex 0 -0.009499999694526196 0.009800000116229057
			vertex 0.0008541262941434979 -0.009499999694526196 0.009762708097696304
		endloop
	endfacet
	facet normal 0.03085815624212195 -0.7067700383410919 0.7067700383410919
		outer loop
			vertex 0.0008715574513189495 -0.00930000003427267 0.009961946867406368
			vertex 0 -0.00930000003427267 0.009999999776482582
			vertex 0 -0.009499999694526196 0.009800000116229057
		endloop
	endfacet
	facet normal 0.092339728577135 -0.706770865772999 0.701390274968784
		outer loop
			vertex 0.0017364817904308438 -0.00930000003427267 0.009848077781498432
			vertex 0.0008541262941434979 -0.009499999694526196 0.009762708097696304
			vertex 0.0017017521895468235 -0.009499999694526196 0.009651116095483303
		endloop
	endfacet
	facet normal 0.09233955837861157 -0.7067703474156914 0.7013908197092017
		outer loop
			vertex 0.0017364817904308438 -0.00930000003427267 0.009848077781498432
			vertex 0.0008715574513189495 -0.00930000003427267 0.009961946867406368
			vertex 0.0008541262941434979 -0.009499999694526196 0.009762708097696304
		endloop
	endfacet
	facet normal 0.1531184555007127 -0.7067706584700214 0.6906735661011856
		outer loop
			vertex 0.00258819037117064 -0.00930000003427267 0.009659258648753166
			vertex 0.0017017521895468235 -0.009499999694526196 0.009651116095483303
			vertex 0.002536426531150937 -0.009499999694526196 0.009466073475778103
		endloop
	endfacet
	facet normal 0.1531185029570832 -0.7067708599823893 0.6906733493714201
		outer loop
			vertex 0.00258819037117064 -0.00930000003427267 0.009659258648753166
			vertex 0.0017364817904308438 -0.00930000003427267 0.009848077781498432
			vertex 0.0017017521895468235 -0.009499999694526196 0.009651116095483303
		endloop
	endfacet
	facet normal 0.21273231822207186 -0.7067714979734742 0.6746991999670628
		outer loop
			vertex 0.003420201363041997 -0.00930000003427267 0.009396926499903202
			vertex 0.002536426531150937 -0.009499999694526196 0.009466073475778103
			vertex 0.0033517973497509956 -0.009499999694526196 0.009208987466990948
		endloop
	endfacet
	facet normal 0.21273220091948886 -0.7067706652543743 0.6747001092543558
		outer loop
			vertex 0.003420201363041997 -0.00930000003427267 0.009396926499903202
			vertex 0.00258819037117064 -0.00930000003427267 0.009659258648753166
			vertex 0.002536426531150937 -0.009499999694526196 0.009466073475778103
		endloop
	endfacet
	facet normal 0.2707263023317179 -0.7067704010174107 0.6535922807618552
		outer loop
			vertex 0.004226182587444782 -0.00930000003427267 0.009063078090548515
			vertex 0.0033517973497509956 -0.009499999694526196 0.009208987466990948
			vertex 0.004141659010201693 -0.009499999694526196 0.008881816640496254
		endloop
	endfacet
	facet normal 0.2707263500681625 -0.7067714580231638 0.6535911179801805
		outer loop
			vertex 0.004226182587444782 -0.00930000003427267 0.009063078090548515
			vertex 0.003420201363041997 -0.00930000003427267 0.009396926499903202
			vertex 0.0033517973497509956 -0.009499999694526196 0.009208987466990948
		endloop
	endfacet
	facet normal 0.32666093192270634 -0.7067711835991762 0.6275086689355044
		outer loop
			vertex 0.004999999888241291 -0.00930000003427267 0.008660254068672657
			vertex 0.004141659010201693 -0.009499999694526196 0.008881816640496254
			vertex 0.004900000058114529 -0.009499999694526196 0.00848704855889082
		endloop
	endfacet
	facet normal 0.32666097161325847 -0.7067704036442052 0.6275095267462394
		outer loop
			vertex 0.004999999888241291 -0.00930000003427267 0.008660254068672657
			vertex 0.004226182587444782 -0.00930000003427267 0.009063078090548515
			vertex 0.004141659010201693 -0.009499999694526196 0.008881816640496254
		endloop
	endfacet
	facet normal 0.3801085265691492 -0.7067711146246738 0.5966507349879213
		outer loop
			vertex 0.005735764279961586 -0.00930000003427267 0.008191520348191261
			vertex 0.004999999888241291 -0.00930000003427267 0.008660254068672657
			vertex 0.004900000058114529 -0.009499999694526196 0.00848704855889082
		endloop
	endfacet
	facet normal 0.38010872605231644 -0.7067697534220583 0.5966522203315832
		outer loop
			vertex 0.005735764279961586 -0.00930000003427267 0.008191520348191261
			vertex 0.004900000058114529 -0.009499999694526196 0.00848704855889082
			vertex 0.005621049087494612 -0.009499999694526196 0.008027690462768078
		endloop
	endfacet
	facet normal 0.430664297114694 -0.7067698021300275 0.5612528039910254
		outer loop
			vertex 0.0064278761856257915 -0.00930000003427267 0.007660444360226393
			vertex 0.005735764279961586 -0.00930000003427267 0.008191520348191261
			vertex 0.005621049087494612 -0.009499999694526196 0.008027690462768078
		endloop
	endfacet
	facet normal 0.4306642086548448 -0.7067701690369816 0.5612524098328066
		outer loop
			vertex 0.0064278761856257915 -0.00930000003427267 0.007660444360226393
			vertex 0.005621049087494612 -0.009499999694526196 0.008027690462768078
			vertex 0.0062993187457323074 -0.009499999694526196 0.0075072357431054115
		endloop
	endfacet
	facet normal 0.47794191537985303 -0.706770178809743 0.5215816713308485
		outer loop
			vertex 0.007071067579090595 -0.00930000003427267 0.007071067579090595
			vertex 0.0064278761856257915 -0.00930000003427267 0.007660444360226393
			vertex 0.0062993187457323074 -0.009499999694526196 0.0075072357431054115
		endloop
	endfacet
	facet normal 0.4779417784131089 -0.7067705891250633 0.5215812408389761
		outer loop
			vertex 0.007071067579090595 -0.00930000003427267 0.007071067579090595
			vertex 0.0062993187457323074 -0.009499999694526196 0.0075072357431054115
			vertex 0.006929646246135235 -0.009499999694526196 0.006929646246135235
		endloop
	endfacet
	facet normal 0.5215813721551755 -0.7067705849805171 0.47794164123564503
		outer loop
			vertex 0.007660444360226393 -0.00930000003427267 0.0064278761856257915
			vertex 0.007071067579090595 -0.00930000003427267 0.007071067579090595
			vertex 0.006929646246135235 -0.009499999694526196 0.006929646246135235
		endloop
	endfacet
	facet normal 0.5215815461201565 -0.7067701746651488 0.47794205815213875
		outer loop
			vertex 0.007660444360226393 -0.00930000003427267 0.0064278761856257915
			vertex 0.006929646246135235 -0.009499999694526196 0.006929646246135235
			vertex 0.0075072357431054115 -0.009499999694526196 0.0062993187457323074
		endloop
	endfacet
	facet normal 0.561252516118734 -0.7067701653308108 0.43066407622258057
		outer loop
			vertex 0.008191520348191261 -0.00930000003427267 0.005735764279961586
			vertex 0.007660444360226393 -0.00930000003427267 0.0064278761856257915
			vertex 0.0075072357431054115 -0.009499999694526196 0.0062993187457323074
		endloop
	endfacet
	facet normal 0.5612527035799387 -0.7067697984240007 0.4306644340549927
		outer loop
			vertex 0.008191520348191261 -0.00930000003427267 0.005735764279961586
			vertex 0.0075072357431054115 -0.009499999694526196 0.0062993187457323074
			vertex 0.008027690462768078 -0.009499999694526196 0.005621049087494612
		endloop
	endfacet
	facet normal 0.596651870337534 -0.706769767172047 0.380109249866789
		outer loop
			vertex 0.008660254068672657 -0.00930000003427267 0.004999999888241291
			vertex 0.008191520348191261 -0.00930000003427267 0.005735764279961586
			vertex 0.008027690462768078 -0.009499999694526196 0.005621049087494612
		endloop
	endfacet
	facet normal 0.5966510618101364 -0.7067711283746403 0.3801079879940368
		outer loop
			vertex 0.008660254068672657 -0.00930000003427267 0.004999999888241291
			vertex 0.008027690462768078 -0.009499999694526196 0.005621049087494612
			vertex 0.00848704855889082 -0.009499999694526196 0.004900000058114529
		endloop
	endfacet
	facet normal 0.6275093670883817 -0.7067703957657542 0.32666129535875243
		outer loop
			vertex 0.009063078090548515 -0.00930000003427267 0.004226182587444782
			vertex 0.00848704855889082 -0.009499999694526196 0.004900000058114529
			vertex 0.008881816640496254 -0.009499999694526196 0.004141659010201693
		endloop
	endfacet
	facet normal 0.6275088425559723 -0.7067711757212588 0.32666061544614405
		outer loop
			vertex 0.009063078090548515 -0.00930000003427267 0.004226182587444782
			vertex 0.008660254068672657 -0.00930000003427267 0.004999999888241291
			vertex 0.00848704855889082 -0.009499999694526196 0.004900000058114529
		endloop
	endfacet
	facet normal 0.653591295287706 -0.706771468700152 0.27072589413569065
		outer loop
			vertex 0.009396926499903202 -0.00930000003427267 0.003420201363041997
			vertex 0.008881816640496254 -0.009499999694526196 0.004141659010201693
			vertex 0.009208987466990948 -0.009499999694526196 0.0033517973497509956
		endloop
	endfacet
	facet normal 0.6535920837443677 -0.7067704116942969 0.270726750100853
		outer loop
			vertex 0.009396926499903202 -0.00930000003427267 0.003420201363041997
			vertex 0.009063078090548515 -0.00930000003427267 0.004226182587444782
			vertex 0.008881816640496254 -0.009499999694526196 0.004141659010201693
		endloop
	endfacet
	facet normal 0.6747000014061234 -0.7067706568430099 0.21273257091540437
		outer loop
			vertex 0.009659258648753166 -0.00930000003427267 0.00258819037117064
			vertex 0.009208987466990948 -0.009499999694526196 0.0033517973497509956
			vertex 0.009466073475778103 -0.009499999694526196 0.002536426531150937
		endloop
	endfacet
	facet normal 0.6746993238437617 -0.706771489562418 0.2127319532803941
		outer loop
			vertex 0.009659258648753166 -0.00930000003427267 0.00258819037117064
			vertex 0.009396926499903202 -0.00930000003427267 0.003420201363041997
			vertex 0.009208987466990948 -0.009499999694526196 0.0033517973497509956
		endloop
	endfacet
	facet normal 0.6906733675669534 -0.706770862017873 0.15311841148678704
		outer loop
			vertex 0.009848077781498432 -0.00930000003427267 0.0017364817904308438
			vertex 0.009466073475778103 -0.009499999694526196 0.002536426531150937
			vertex 0.009651116095483303 -0.009499999694526196 0.0017017521895468235
		endloop
	endfacet
	facet normal 0.6906735439349406 -0.7067706605055167 0.15311854609075126
		outer loop
			vertex 0.009848077781498432 -0.00930000003427267 0.0017364817904308438
			vertex 0.009659258648753166 -0.00930000003427267 0.00258819037117064
			vertex 0.009466073475778103 -0.009499999694526196 0.002536426531150937
		endloop
	endfacet
	facet normal 0.7013907935893255 -0.7067703421798011 0.09233979685478548
		outer loop
			vertex 0.009961946867406368 -0.00930000003427267 0.0008715574513189495
			vertex 0.009651116095483303 -0.009499999694526196 0.0017017521895468235
			vertex 0.009762708097696304 -0.009499999694526196 0.0008541262941434979
		endloop
	endfacet
	facet normal 0.7013903114609998 -0.7067708605370745 0.09233949146668004
		outer loop
			vertex 0.009961946867406368 -0.00930000003427267 0.0008715574513189495
			vertex 0.009848077781498432 -0.00930000003427267 0.0017364817904308438
			vertex 0.009651116095483303 -0.009499999694526196 0.0017017521895468235
		endloop
	endfacet
	facet normal 0.706770035309306 -0.706770035309306 0.030858295120839364
		outer loop
			vertex 0.009999999776482582 -0.00930000003427267 -7.273661342432952e-18
			vertex 0.009762708097696304 -0.009499999694526196 0.0008541262941434979
			vertex 0.009800000116229057 -0.009499999694526196 -7.128188396825701e-18
		endloop
	endfacet
	facet normal 0.7067697417907371 -0.7067703354566259 0.03085814329449137
		outer loop
			vertex 0.009999999776482582 -0.00930000003427267 -7.273661342432952e-18
			vertex 0.009961946867406368 -0.00930000003427267 0.0008715574513189495
			vertex 0.009762708097696304 -0.009499999694526196 0.0008541262941434979
		endloop
	endfacet
	facet normal 0.7067697327069055 -0.7067703384884226 -0.030858281908912776
		outer loop
			vertex 0.009961946867406368 -0.00930000003427267 -0.0008715574513189495
			vertex 0.009800000116229057 -0.009499999694526196 -7.128188396825701e-18
			vertex 0.009762708097696304 -0.009499999694526196 -0.0008541262941434979
		endloop
	endfacet
	facet normal 0.7067700383410919 -0.7067700383410919 -0.030858156242122205
		outer loop
			vertex 0.009961946867406368 -0.00930000003427267 -0.0008715574513189495
			vertex 0.009999999776482582 -0.00930000003427267 -7.273661342432952e-18
			vertex 0.009800000116229057 -0.009499999694526196 -7.128188396825701e-18
		endloop
	endfacet
	facet normal 0.7013902749687841 -0.7067708657729991 -0.09233972857713502
		outer loop
			vertex 0.009848077781498432 -0.00930000003427267 -0.0017364817904308438
			vertex 0.009762708097696304 -0.009499999694526196 -0.0008541262941434979
			vertex 0.009651116095483303 -0.009499999694526196 -0.0017017521895468235
		endloop
	endfacet
	facet normal 0.7013908197092017 -0.7067703474156914 -0.09233955837861157
		outer loop
			vertex 0.009848077781498432 -0.00930000003427267 -0.0017364817904308438
			vertex 0.009961946867406368 -0.00930000003427267 -0.0008715574513189495
			vertex 0.009762708097696304 -0.009499999694526196 -0.0008541262941434979
		endloop
	endfacet
	facet normal 0.6906735661011856 -0.7067706584700214 -0.1531184555007127
		outer loop
			vertex 0.009659258648753166 -0.00930000003427267 -0.00258819037117064
			vertex 0.009651116095483303 -0.009499999694526196 -0.0017017521895468235
			vertex 0.009466073475778103 -0.009499999694526196 -0.002536426531150937
		endloop
	endfacet
	facet normal 0.69067334937142 -0.7067708599823892 -0.1531185029570832
		outer loop
			vertex 0.009659258648753166 -0.00930000003427267 -0.00258819037117064
			vertex 0.009848077781498432 -0.00930000003427267 -0.0017364817904308438
			vertex 0.009651116095483303 -0.009499999694526196 -0.0017017521895468235
		endloop
	endfacet
	facet normal 0.6746991999670628 -0.7067714979734742 -0.21273231822207186
		outer loop
			vertex 0.009396926499903202 -0.00930000003427267 -0.003420201363041997
			vertex 0.009466073475778103 -0.009499999694526196 -0.002536426531150937
			vertex 0.009208987466990948 -0.009499999694526196 -0.0033517973497509956
		endloop
	endfacet
	facet normal 0.6747001092543558 -0.7067706652543743 -0.21273220091948886
		outer loop
			vertex 0.009396926499903202 -0.00930000003427267 -0.003420201363041997
			vertex 0.009659258648753166 -0.00930000003427267 -0.00258819037117064
			vertex 0.009466073475778103 -0.009499999694526196 -0.002536426531150937
		endloop
	endfacet
	facet normal 0.6535922807618552 -0.7067704010174107 -0.2707263023317179
		outer loop
			vertex 0.009063078090548515 -0.00930000003427267 -0.004226182587444782
			vertex 0.009208987466990948 -0.009499999694526196 -0.0033517973497509956
			vertex 0.008881816640496254 -0.009499999694526196 -0.004141659010201693
		endloop
	endfacet
	facet normal 0.6535911179801805 -0.7067714580231638 -0.2707263500681625
		outer loop
			vertex 0.009063078090548515 -0.00930000003427267 -0.004226182587444782
			vertex 0.009396926499903202 -0.00930000003427267 -0.003420201363041997
			vertex 0.009208987466990948 -0.009499999694526196 -0.0033517973497509956
		endloop
	endfacet
	facet normal 0.6275086689355044 -0.7067711835991762 -0.32666093192270634
		outer loop
			vertex 0.008660254068672657 -0.00930000003427267 -0.004999999888241291
			vertex 0.008881816640496254 -0.009499999694526196 -0.004141659010201693
			vertex 0.00848704855889082 -0.009499999694526196 -0.004900000058114529
		endloop
	endfacet
	facet normal 0.6275095267462395 -0.7067704036442053 -0.32666097161325847
		outer loop
			vertex 0.008660254068672657 -0.00930000003427267 -0.004999999888241291
			vertex 0.009063078090548515 -0.00930000003427267 -0.004226182587444782
			vertex 0.008881816640496254 -0.009499999694526196 -0.004141659010201693
		endloop
	endfacet
	facet normal 0.5966522203315832 -0.7067697534220583 -0.38010872605231644
		outer loop
			vertex 0.008191520348191261 -0.00930000003427267 -0.005735764279961586
			vertex 0.00848704855889082 -0.009499999694526196 -0.004900000058114529
			vertex 0.008027690462768078 -0.009499999694526196 -0.005621049087494612
		endloop
	endfacet
	facet normal 0.5966507349879213 -0.7067711146246738 -0.3801085265691492
		outer loop
			vertex 0.008191520348191261 -0.00930000003427267 -0.005735764279961586
			vertex 0.008660254068672657 -0.00930000003427267 -0.004999999888241291
			vertex 0.00848704855889082 -0.009499999694526196 -0.004900000058114529
		endloop
	endfacet
	facet normal 0.5612524098328066 -0.7067701690369816 -0.4306642086548448
		outer loop
			vertex 0.007660444360226393 -0.00930000003427267 -0.0064278761856257915
			vertex 0.008027690462768078 -0.009499999694526196 -0.005621049087494612
			vertex 0.0075072357431054115 -0.009499999694526196 -0.0062993187457323074
		endloop
	endfacet
	facet normal 0.5612528039910255 -0.7067698021300276 -0.4306642971146941
		outer loop
			vertex 0.007660444360226393 -0.00930000003427267 -0.0064278761856257915
			vertex 0.008191520348191261 -0.00930000003427267 -0.005735764279961586
			vertex 0.008027690462768078 -0.009499999694526196 -0.005621049087494612
		endloop
	endfacet
	facet normal 0.521581240838976 -0.7067705891250632 -0.4779417784131088
		outer loop
			vertex 0.007071067579090595 -0.00930000003427267 -0.007071067579090595
			vertex 0.0075072357431054115 -0.009499999694526196 -0.0062993187457323074
			vertex 0.006929646246135235 -0.009499999694526196 -0.006929646246135235
		endloop
	endfacet
	facet normal 0.5215816713308485 -0.706770178809743 -0.47794191537985303
		outer loop
			vertex 0.007071067579090595 -0.00930000003427267 -0.007071067579090595
			vertex 0.007660444360226393 -0.00930000003427267 -0.0064278761856257915
			vertex 0.0075072357431054115 -0.009499999694526196 -0.0062993187457323074
		endloop
	endfacet
	facet normal 0.47794205815213864 -0.7067701746651487 -0.5215815461201564
		outer loop
			vertex 0.0064278761856257915 -0.00930000003427267 -0.007660444360226393
			vertex 0.006929646246135235 -0.009499999694526196 -0.006929646246135235
			vertex 0.0062993187457323074 -0.009499999694526196 -0.0075072357431054115
		endloop
	endfacet
	facet normal 0.47794164123564503 -0.7067705849805171 -0.5215813721551755
		outer loop
			vertex 0.0064278761856257915 -0.00930000003427267 -0.007660444360226393
			vertex 0.007071067579090595 -0.00930000003427267 -0.007071067579090595
			vertex 0.006929646246135235 -0.009499999694526196 -0.006929646246135235
		endloop
	endfacet
	facet normal 0.4306644340549926 -0.7067697984240006 -0.5612527035799386
		outer loop
			vertex 0.005735764279961586 -0.00930000003427267 -0.008191520348191261
			vertex 0.0062993187457323074 -0.009499999694526196 -0.0075072357431054115
			vertex 0.005621049087494612 -0.009499999694526196 -0.008027690462768078
		endloop
	endfacet
	facet normal 0.43066407622258057 -0.7067701653308108 -0.561252516118734
		outer loop
			vertex 0.005735764279961586 -0.00930000003427267 -0.008191520348191261
			vertex 0.0064278761856257915 -0.00930000003427267 -0.007660444360226393
			vertex 0.0062993187457323074 -0.009499999694526196 -0.0075072357431054115
		endloop
	endfacet
	facet normal 0.38010798799403683 -0.7067711283746402 -0.5966510618101363
		outer loop
			vertex 0.004999999888241291 -0.00930000003427267 -0.008660254068672657
			vertex 0.005621049087494612 -0.009499999694526196 -0.008027690462768078
			vertex 0.004900000058114529 -0.009499999694526196 -0.00848704855889082
		endloop
	endfacet
	facet normal 0.380109249866789 -0.706769767172047 -0.596651870337534
		outer loop
			vertex 0.004999999888241291 -0.00930000003427267 -0.008660254068672657
			vertex 0.005735764279961586 -0.00930000003427267 -0.008191520348191261
			vertex 0.005621049087494612 -0.009499999694526196 -0.008027690462768078
		endloop
	endfacet
	facet normal 0.3266612953587524 -0.7067703957657541 -0.6275093670883817
		outer loop
			vertex 0.004226182587444782 -0.00930000003427267 -0.009063078090548515
			vertex 0.004900000058114529 -0.009499999694526196 -0.00848704855889082
			vertex 0.004141659010201693 -0.009499999694526196 -0.008881816640496254
		endloop
	endfacet
	facet normal 0.32666061544614405 -0.7067711757212588 -0.6275088425559723
		outer loop
			vertex 0.004226182587444782 -0.00930000003427267 -0.009063078090548515
			vertex 0.004999999888241291 -0.00930000003427267 -0.008660254068672657
			vertex 0.004900000058114529 -0.009499999694526196 -0.00848704855889082
		endloop
	endfacet
	facet normal 0.270726750100853 -0.7067704116942969 -0.6535920837443677
		outer loop
			vertex 0.003420201363041997 -0.00930000003427267 -0.009396926499903202
			vertex 0.004226182587444782 -0.00930000003427267 -0.009063078090548515
			vertex 0.004141659010201693 -0.009499999694526196 -0.008881816640496254
		endloop
	endfacet
	facet normal 0.2707258941356906 -0.7067714687001518 -0.6535912952877059
		outer loop
			vertex 0.003420201363041997 -0.00930000003427267 -0.009396926499903202
			vertex 0.004141659010201693 -0.009499999694526196 -0.008881816640496254
			vertex 0.0033517973497509956 -0.009499999694526196 -0.009208987466990948
		endloop
	endfacet
	facet normal 0.2127319532803941 -0.706771489562418 -0.6746993238437617
		outer loop
			vertex 0.00258819037117064 -0.00930000003427267 -0.009659258648753166
			vertex 0.003420201363041997 -0.00930000003427267 -0.009396926499903202
			vertex 0.0033517973497509956 -0.009499999694526196 -0.009208987466990948
		endloop
	endfacet
	facet normal 0.21273257091540437 -0.7067706568430099 -0.6747000014061234
		outer loop
			vertex 0.00258819037117064 -0.00930000003427267 -0.009659258648753166
			vertex 0.0033517973497509956 -0.009499999694526196 -0.009208987466990948
			vertex 0.002536426531150937 -0.009499999694526196 -0.009466073475778103
		endloop
	endfacet
	facet normal 0.15311841148678704 -0.706770862017873 -0.6906733675669534
		outer loop
			vertex 0.0017364817904308438 -0.00930000003427267 -0.009848077781498432
			vertex 0.002536426531150937 -0.009499999694526196 -0.009466073475778103
			vertex 0.0017017521895468235 -0.009499999694526196 -0.009651116095483303
		endloop
	endfacet
	facet normal 0.15311854609075126 -0.7067706605055167 -0.6906735439349406
		outer loop
			vertex 0.0017364817904308438 -0.00930000003427267 -0.009848077781498432
			vertex 0.00258819037117064 -0.00930000003427267 -0.009659258648753166
			vertex 0.002536426531150937 -0.009499999694526196 -0.009466073475778103
		endloop
	endfacet
	facet normal 0.09233979685478548 -0.7067703421798011 -0.7013907935893255
		outer loop
			vertex 0.0008715574513189495 -0.00930000003427267 -0.009961946867406368
			vertex 0.0017017521895468235 -0.009499999694526196 -0.009651116095483303
			vertex 0.0008541262941434979 -0.009499999694526196 -0.009762708097696304
		endloop
	endfacet
	facet normal 0.09233949146668004 -0.7067708605370745 -0.7013903114609998
		outer loop
			vertex 0.0008715574513189495 -0.00930000003427267 -0.009961946867406368
			vertex 0.0017364817904308438 -0.00930000003427267 -0.009848077781498432
			vertex 0.0017017521895468235 -0.009499999694526196 -0.009651116095483303
		endloop
	endfacet
	facet normal 0.03085829512083966 -0.7067700353093059 -0.7067700353093059
		outer loop
			vertex 1.224646790546622e-18 -0.00930000003427267 -0.009999999776482582
			vertex 0.0008541262941434979 -0.009499999694526196 -0.009762708097696304
			vertex 1.2124003815777743e-18 -0.009499999694526196 -0.009800000116229057
		endloop
	endfacet
	facet normal 0.030858143294491668 -0.7067703354566259 -0.7067697417907371
		outer loop
			vertex 1.224646790546622e-18 -0.00930000003427267 -0.009999999776482582
			vertex 0.0008715574513189495 -0.00930000003427267 -0.009961946867406368
			vertex 0.0008541262941434979 -0.009499999694526196 -0.009762708097696304
		endloop
	endfacet
	facet normal 0.052916129934396414 -0.7061165074148584 -0.7061156853866144
		outer loop
			vertex -0.0005141958245076239 -0.009499999694526196 0.0034114662557840347
			vertex 4.1025666501034857e-19 -0.00930000003427267 0.0032500000670552254
			vertex 4.2250315152737857e-19 -0.009499999694526196 0.003449999960139394
		endloop
	endfacet
	facet normal 0.052916210677219654 -0.7061166195709326 -0.7061155671795397
		outer loop
			vertex -0.0005141958245076239 -0.009499999694526196 0.0034114662557840347
			vertex -0.00048438736121170223 -0.00930000003427267 0.0032137001398950815
			vertex 4.1025666501034857e-19 -0.00930000003427267 0.0032500000670552254
		endloop
	endfacet
	facet normal 0.15756609534573984 -0.7061167611689821 -0.6903419769894656
		outer loop
			vertex -0.0010169052984565496 -0.009499999694526196 0.0032967261504381895
			vertex -0.0009579543257132173 -0.00930000003427267 0.00310561154037714
			vertex -0.00048438736121170223 -0.00930000003427267 0.0032137001398950815
		endloop
	endfacet
	facet normal 0.15756601736649456 -0.7061166206129387 -0.6903421385555316
		outer loop
			vertex -0.0010169052984565496 -0.009499999694526196 0.0032967261504381895
			vertex -0.00048438736121170223 -0.00930000003427267 0.0032137001398950815
			vertex -0.0005141958245076239 -0.009499999694526196 0.0034114662557840347
		endloop
	endfacet
	facet normal 0.25869625930928364 -0.7061169764198775 -0.6591472225770464
		outer loop
			vertex -0.0014968989416956902 -0.009499999694526196 0.0031083426438272
			vertex -0.0014101221458986402 -0.00930000003427267 0.0029281487222760916
			vertex -0.0009579543257132173 -0.00930000003427267 0.00310561154037714
		endloop
	endfacet
	facet normal 0.2586961722107016 -0.7061167455569195 -0.6591475040744944
		outer loop
			vertex -0.0014968989416956902 -0.009499999694526196 0.0031083426438272
			vertex -0.0009579543257132173 -0.00930000003427267 0.00310561154037714
			vertex -0.0010169052984565496 -0.009499999694526196 0.0032967261504381895
		endloop
	endfacet
	facet normal 0.3540476971439219 -0.7061163886551263 -0.6132290549376541
		outer loop
			vertex -0.0019434541463851929 -0.009499999694526196 0.0028505236841738224
			vertex -0.0018307901918888092 -0.00930000003427267 0.0026852760929614305
			vertex -0.0014101221458986402 -0.00930000003427267 0.0029281487222760916
		endloop
	endfacet
	facet normal 0.3540478066460349 -0.7061169609796301 -0.6132283327000013
		outer loop
			vertex -0.0019434541463851929 -0.009499999694526196 0.0028505236841738224
			vertex -0.0014101221458986402 -0.00930000003427267 0.0029281487222760916
			vertex -0.0014968989416956902 -0.009499999694526196 0.0031083426438272
		endloop
	endfacet
	facet normal 0.44149028509213134 -0.7061167949754238 -0.5536112354558063
		outer loop
			vertex -0.0023465959820896387 -0.009499999694526196 0.0025290290359407663
			vertex -0.0022105614189058542 -0.00930000003427267 0.002382418606430292
			vertex -0.0018307901918888092 -0.00930000003427267 0.0026852760929614305
		endloop
	endfacet
	facet normal 0.4414902846745227 -0.7061164186832005 -0.5536117157394884
		outer loop
			vertex -0.0023465959820896387 -0.009499999694526196 0.0025290290359407663
			vertex -0.0018307901918888092 -0.00930000003427267 0.0026852760929614305
			vertex -0.0019434541463851929 -0.009499999694526196 0.0028505236841738224
		endloop
	endfacet
	facet normal 0.5190707224382582 -0.7061167580191083 -0.48162714744084845
		outer loop
			vertex -0.002697318559512496 -0.009499999694526196 0.002151039894670248
			vertex -0.002540952293202281 -0.00930000003427267 0.0020263418555259705
			vertex -0.0022105614189058542 -0.00930000003427267 0.002382418606430292
		endloop
	endfacet
	facet normal 0.5190707177257007 -0.7061167829355884 -0.48162711598956015
		outer loop
			vertex -0.002697318559512496 -0.009499999694526196 0.002151039894670248
			vertex -0.0022105614189058542 -0.00930000003427267 0.002382418606430292
			vertex -0.0023465959820896387 -0.009499999694526196 0.0025290290359407663
		endloop
	endfacet
	facet normal 0.5850560063131511 -0.7061165907075129 -0.3988844817795061
		outer loop
			vertex -0.0029877875931560993 -0.009499999694526196 0.001724999980069697
			vertex -0.002814582549035549 -0.00930000003427267 0.0016250000335276127
			vertex -0.002540952293202281 -0.00930000003427267 0.0020263418555259705
		endloop
	endfacet
	facet normal 0.5850559535533446 -0.7061167313429821 -0.3988843102069692
		outer loop
			vertex -0.0029877875931560993 -0.009499999694526196 0.001724999980069697
			vertex -0.002540952293202281 -0.00930000003427267 0.0020263418555259705
			vertex -0.002697318559512496 -0.009499999694526196 0.002151039894670248
		endloop
	endfacet
	facet normal 0.6379721567916412 -0.7061165198018065 -0.30723116316807253
		outer loop
			vertex -0.003211514325812459 -0.009499999694526196 0.0012604264775291085
			vertex -0.0030253396835178137 -0.00930000003427267 0.001187358284369111
			vertex -0.002814582549035549 -0.00930000003427267 0.0016250000335276127
		endloop
	endfacet
	facet normal 0.6379721145401621 -0.706116596234764 -0.3072310752365161
		outer loop
			vertex -0.003211514325812459 -0.009499999694526196 0.0012604264775291085
			vertex -0.002814582549035549 -0.00930000003427267 0.0016250000335276127
			vertex -0.0029877875931560993 -0.009499999694526196 0.001724999980069697
		endloop
	endfacet
	facet normal 0.6766366979731118 -0.7061168183565102 -0.2087146803416644
		outer loop
			vertex -0.0033635012805461884 -0.009499999694526196 0.000767697230912745
			vertex -0.0031685156282037497 -0.00930000003427267 0.0007231930503621697
			vertex -0.0030253396835178137 -0.00930000003427267 0.001187358284369111
		endloop
	endfacet
	facet normal 0.6766369147024942 -0.7061165165392352 -0.2087149988198873
		outer loop
			vertex -0.0033635012805461884 -0.009499999694526196 0.000767697230912745
			vertex -0.0030253396835178137 -0.00930000003427267 0.001187358284369111
			vertex -0.003211514325812459 -0.009499999694526196 0.0012604264775291085
		endloop
	endfacet
	facet normal 0.70018682473893 -0.7061164661502283 -0.10553647091659077
		outer loop
			vertex -0.003440353088080883 -0.009499999694526196 0.00025781881413422525
			vertex -0.003240912454202771 -0.00930000003427267 0.00024287280393764377
			vertex -0.0031685156282037497 -0.00930000003427267 0.0007231930503621697
		endloop
	endfacet
	facet normal 0.7001865173016688 -0.7061168206139888 -0.1055361389996435
		outer loop
			vertex -0.003440353088080883 -0.009499999694526196 0.00025781881413422525
			vertex -0.0031685156282037497 -0.00930000003427267 0.0007231930503621697
			vertex -0.0033635012805461884 -0.009499999694526196 0.000767697230912745
		endloop
	endfacet
	facet normal 0.7080957008075703 -0.7061164765800583 0
		outer loop
			vertex -0.003440353088080883 -0.009499999694526196 -0.00025781881413422525
			vertex -0.003240912454202771 -0.00930000003427267 -0.00024287280393764377
			vertex -0.003240912454202771 -0.00930000003427267 0.00024287280393764377
		endloop
	endfacet
	facet normal 0.7080957008075702 -0.7061164765800583 0
		outer loop
			vertex -0.003440353088080883 -0.009499999694526196 -0.00025781881413422525
			vertex -0.003240912454202771 -0.00930000003427267 0.00024287280393764377
			vertex -0.003440353088080883 -0.009499999694526196 0.00025781881413422525
		endloop
	endfacet
	facet normal 0.70018646478026 -0.7061168311949465 0.10553641666140293
		outer loop
			vertex -0.0033635012805461884 -0.009499999694526196 -0.000767697230912745
			vertex -0.0031685156282037497 -0.00930000003427267 -0.0007231930503621697
			vertex -0.003240912454202771 -0.00930000003427267 -0.00024287280393764377
		endloop
	endfacet
	facet normal 0.7001868563932093 -0.7061164767312635 0.10553619010947074
		outer loop
			vertex -0.0033635012805461884 -0.009499999694526196 -0.000767697230912745
			vertex -0.003240912454202771 -0.00930000003427267 -0.00024287280393764377
			vertex -0.003440353088080883 -0.009499999694526196 -0.00025781881413422525
		endloop
	endfacet
	facet normal 0.6766369941606751 -0.7061165075297495 0.20871477170338454
		outer loop
			vertex -0.003211514325812459 -0.009499999694526196 -0.0012604264775291085
			vertex -0.0030253396835178137 -0.00930000003427267 -0.001187358284369111
			vertex -0.0031685156282037497 -0.00930000003427267 -0.0007231930503621697
		endloop
	endfacet
	facet normal 0.6766366356852819 -0.7061168093470237 0.20871491275441284
		outer loop
			vertex -0.003211514325812459 -0.009499999694526196 -0.0012604264775291085
			vertex -0.0031685156282037497 -0.00930000003427267 -0.0007231930503621697
			vertex -0.0033635012805461884 -0.009499999694526196 -0.000767697230912745
		endloop
	endfacet
	facet normal 0.6379721811615331 -0.7061165220833794 0.30723110731966674
		outer loop
			vertex -0.0029877875931560993 -0.009499999694526196 -0.001724999980069697
			vertex -0.0030253396835178137 -0.00930000003427267 -0.001187358284369111
			vertex -0.003211514325812459 -0.009499999694526196 -0.0012604264775291085
		endloop
	endfacet
	facet normal 0.6379720860705065 -0.706116598516342 0.3072311291105729
		outer loop
			vertex -0.0029877875931560993 -0.009499999694526196 -0.001724999980069697
			vertex -0.002814582549035549 -0.00930000003427267 -0.0016250000335276127
			vertex -0.0030253396835178137 -0.00930000003427267 -0.001187358284369111
		endloop
	endfacet
	facet normal 0.585056065968177 -0.7061165949055933 0.39888438685008787
		outer loop
			vertex -0.002697318559512496 -0.009499999694526196 -0.002151039894670248
			vertex -0.002814582549035549 -0.00930000003427267 -0.0016250000335276127
			vertex -0.0029877875931560993 -0.009499999694526196 -0.001724999980069697
		endloop
	endfacet
	facet normal 0.585055886980471 -0.7061167355410787 0.3988844004198519
		outer loop
			vertex -0.002697318559512496 -0.009499999694526196 -0.002151039894670248
			vertex -0.002540952293202281 -0.00930000003427267 -0.0020263418555259705
			vertex -0.002814582549035549 -0.00930000003427267 -0.0016250000335276127
		endloop
	endfacet
	facet normal 0.519070735396038 -0.706116758762879 0.48162713238523286
		outer loop
			vertex -0.0023465959820896387 -0.009499999694526196 -0.0025290290359407663
			vertex -0.002540952293202281 -0.00930000003427267 -0.0020263418555259705
			vertex -0.002697318559512496 -0.009499999694526196 -0.002151039894670248
		endloop
	endfacet
	facet normal 0.5190707036805179 -0.7061167836793667 0.48162713003621244
		outer loop
			vertex -0.0023465959820896387 -0.009499999694526196 -0.0025290290359407663
			vertex -0.0022105614189058542 -0.00930000003427267 -0.002382418606430292
			vertex -0.002540952293202281 -0.00930000003427267 -0.0020263418555259705
		endloop
	endfacet
	facet normal 0.44149005769979655 -0.7061167837428244 0.5536114311219738
		outer loop
			vertex -0.0019434541463851929 -0.009499999694526196 -0.0028505236841738224
			vertex -0.0022105614189058542 -0.00930000003427267 -0.002382418606430292
			vertex -0.0023465959820896387 -0.009499999694526196 -0.0025290290359407663
		endloop
	endfacet
	facet normal 0.44149052603462235 -0.7061164074506543 0.5536115375880946
		outer loop
			vertex -0.0019434541463851929 -0.009499999694526196 -0.0028505236841738224
			vertex -0.0018307901918888092 -0.00930000003427267 -0.0026852760929614305
			vertex -0.0022105614189058542 -0.00930000003427267 -0.002382418606430292
		endloop
	endfacet
	facet normal 0.35404808349043115 -0.7061164057394983 0.6132288122082042
		outer loop
			vertex -0.0014968989416956902 -0.009499999694526196 -0.0031083426438272
			vertex -0.0018307901918888092 -0.00930000003427267 -0.0026852760929614305
			vertex -0.0019434541463851929 -0.009499999694526196 -0.0028505236841738224
		endloop
	endfacet
	facet normal 0.3540474032632355 -0.7061169780639611 0.6132285459209962
		outer loop
			vertex -0.0014968989416956902 -0.009499999694526196 -0.0031083426438272
			vertex -0.0014101221458986402 -0.00930000003427267 -0.0029281487222760916
			vertex -0.0018307901918888092 -0.00930000003427267 -0.0026852760929614305
		endloop
	endfacet
	facet normal 0.2586960906133854 -0.7061169695284459 0.6591472961677949
		outer loop
			vertex -0.0010169052984565496 -0.009499999694526196 -0.0032967261504381895
			vertex -0.0014101221458986402 -0.00930000003427267 -0.0029281487222760916
			vertex -0.0014968989416956902 -0.009499999694526196 -0.0031083426438272
		endloop
	endfacet
	facet normal 0.2586963459280417 -0.7061167386654569 0.6591474432780103
		outer loop
			vertex -0.0010169052984565496 -0.009499999694526196 -0.0032967261504381895
			vertex -0.0009579543257132173 -0.00930000003427267 -0.00310561154037714
			vertex -0.0014101221458986402 -0.00930000003427267 -0.0029281487222760916
		endloop
	endfacet
	facet normal 0.15756598710826752 -0.7061167569732992 0.6903420059855174
		outer loop
			vertex -0.0005141958245076239 -0.009499999694526196 -0.0034114662557840347
			vertex -0.0009579543257132173 -0.00930000003427267 -0.00310561154037714
			vertex -0.0010169052984565496 -0.009499999694526196 -0.0032967261504381895
		endloop
	endfacet
	facet normal 0.1575661274660281 -0.7061166164172411 0.6903421177176041
		outer loop
			vertex -0.0005141958245076239 -0.009499999694526196 -0.0034114662557840347
			vertex -0.00048438736121170223 -0.00930000003427267 -0.0032137001398950815
			vertex -0.0009579543257132173 -0.00930000003427267 -0.00310561154037714
		endloop
	endfacet
	facet normal 0.052916121825868814 -0.7061166162229952 0.7061155771859853
		outer loop
			vertex 0 -0.009499999694526196 -0.003449999960139394
			vertex -0.00048438736121170223 -0.00930000003427267 -0.0032137001398950815
			vertex -0.0005141958245076239 -0.009499999694526196 -0.0034114662557840347
		endloop
	endfacet
	facet normal 0.05291621928474823 -0.7061165040669093 0.7061156820386691
		outer loop
			vertex 0 -0.009499999694526196 -0.003449999960139394
			vertex 0 -0.00930000003427267 -0.0032500000670552254
			vertex -0.00048438736121170223 -0.00930000003427267 -0.0032137001398950815
		endloop
	endfacet
	facet normal -0.05291612993439645 -0.7061165074148584 0.7061156853866144
		outer loop
			vertex 0.0005141958245076239 -0.009499999694526196 -0.0034114662557840347
			vertex 0 -0.00930000003427267 -0.0032500000670552254
			vertex 0 -0.009499999694526196 -0.003449999960139394
		endloop
	endfacet
	facet normal -0.05291621067721971 -0.7061166195709326 0.7061155671795397
		outer loop
			vertex 0.0005141958245076239 -0.009499999694526196 -0.0034114662557840347
			vertex 0.00048438736121170223 -0.00930000003427267 -0.0032137001398950815
			vertex 0 -0.00930000003427267 -0.0032500000670552254
		endloop
	endfacet
	facet normal -0.15756609534573984 -0.7061167611689821 0.6903419769894656
		outer loop
			vertex 0.0010169052984565496 -0.009499999694526196 -0.0032967261504381895
			vertex 0.0009579543257132173 -0.00930000003427267 -0.00310561154037714
			vertex 0.00048438736121170223 -0.00930000003427267 -0.0032137001398950815
		endloop
	endfacet
	facet normal -0.15756601736649456 -0.7061166206129387 0.6903421385555316
		outer loop
			vertex 0.0010169052984565496 -0.009499999694526196 -0.0032967261504381895
			vertex 0.00048438736121170223 -0.00930000003427267 -0.0032137001398950815
			vertex 0.0005141958245076239 -0.009499999694526196 -0.0034114662557840347
		endloop
	endfacet
	facet normal -0.25869625930928364 -0.7061169764198775 0.6591472225770464
		outer loop
			vertex 0.0014968989416956902 -0.009499999694526196 -0.0031083426438272
			vertex 0.0014101221458986402 -0.00930000003427267 -0.0029281487222760916
			vertex 0.0009579543257132173 -0.00930000003427267 -0.00310561154037714
		endloop
	endfacet
	facet normal -0.2586961722107016 -0.7061167455569195 0.6591475040744944
		outer loop
			vertex 0.0014968989416956902 -0.009499999694526196 -0.0031083426438272
			vertex 0.0009579543257132173 -0.00930000003427267 -0.00310561154037714
			vertex 0.0010169052984565496 -0.009499999694526196 -0.0032967261504381895
		endloop
	endfacet
	facet normal -0.3540476971439219 -0.7061163886551263 0.6132290549376541
		outer loop
			vertex 0.0019434541463851929 -0.009499999694526196 -0.0028505236841738224
			vertex 0.0018307901918888092 -0.00930000003427267 -0.0026852760929614305
			vertex 0.0014101221458986402 -0.00930000003427267 -0.0029281487222760916
		endloop
	endfacet
	facet normal -0.3540478066460349 -0.7061169609796301 0.6132283327000013
		outer loop
			vertex 0.0019434541463851929 -0.009499999694526196 -0.0028505236841738224
			vertex 0.0014101221458986402 -0.00930000003427267 -0.0029281487222760916
			vertex 0.0014968989416956902 -0.009499999694526196 -0.0031083426438272
		endloop
	endfacet
	facet normal -0.44149028509213134 -0.7061167949754238 0.5536112354558063
		outer loop
			vertex 0.0023465959820896387 -0.009499999694526196 -0.0025290290359407663
			vertex 0.0022105614189058542 -0.00930000003427267 -0.002382418606430292
			vertex 0.0018307901918888092 -0.00930000003427267 -0.0026852760929614305
		endloop
	endfacet
	facet normal -0.4414902846745227 -0.7061164186832005 0.5536117157394884
		outer loop
			vertex 0.0023465959820896387 -0.009499999694526196 -0.0025290290359407663
			vertex 0.0018307901918888092 -0.00930000003427267 -0.0026852760929614305
			vertex 0.0019434541463851929 -0.009499999694526196 -0.0028505236841738224
		endloop
	endfacet
	facet normal -0.5190707224382582 -0.7061167580191083 0.48162714744084845
		outer loop
			vertex 0.002697318559512496 -0.009499999694526196 -0.002151039894670248
			vertex 0.002540952293202281 -0.00930000003427267 -0.0020263418555259705
			vertex 0.0022105614189058542 -0.00930000003427267 -0.002382418606430292
		endloop
	endfacet
	facet normal -0.5190707177257007 -0.7061167829355884 0.48162711598956015
		outer loop
			vertex 0.002697318559512496 -0.009499999694526196 -0.002151039894670248
			vertex 0.0022105614189058542 -0.00930000003427267 -0.002382418606430292
			vertex 0.0023465959820896387 -0.009499999694526196 -0.0025290290359407663
		endloop
	endfacet
	facet normal -0.5850560063131511 -0.7061165907075129 0.3988844817795061
		outer loop
			vertex 0.0029877875931560993 -0.009499999694526196 -0.001724999980069697
			vertex 0.002814582549035549 -0.00930000003427267 -0.0016250000335276127
			vertex 0.002540952293202281 -0.00930000003427267 -0.0020263418555259705
		endloop
	endfacet
	facet normal -0.5850559535533446 -0.7061167313429821 0.3988843102069692
		outer loop
			vertex 0.0029877875931560993 -0.009499999694526196 -0.001724999980069697
			vertex 0.002540952293202281 -0.00930000003427267 -0.0020263418555259705
			vertex 0.002697318559512496 -0.009499999694526196 -0.002151039894670248
		endloop
	endfacet
	facet normal -0.6379721567916412 -0.7061165198018065 0.30723116316807253
		outer loop
			vertex 0.003211514325812459 -0.009499999694526196 -0.0012604264775291085
			vertex 0.0030253396835178137 -0.00930000003427267 -0.001187358284369111
			vertex 0.002814582549035549 -0.00930000003427267 -0.0016250000335276127
		endloop
	endfacet
	facet normal -0.6379721145401621 -0.706116596234764 0.3072310752365161
		outer loop
			vertex 0.003211514325812459 -0.009499999694526196 -0.0012604264775291085
			vertex 0.002814582549035549 -0.00930000003427267 -0.0016250000335276127
			vertex 0.0029877875931560993 -0.009499999694526196 -0.001724999980069697
		endloop
	endfacet
	facet normal -0.6766366979731118 -0.7061168183565102 0.2087146803416644
		outer loop
			vertex 0.0033635012805461884 -0.009499999694526196 -0.000767697230912745
			vertex 0.0031685156282037497 -0.00930000003427267 -0.0007231930503621697
			vertex 0.0030253396835178137 -0.00930000003427267 -0.001187358284369111
		endloop
	endfacet
	facet normal -0.6766369147024942 -0.7061165165392352 0.2087149988198873
		outer loop
			vertex 0.0033635012805461884 -0.009499999694526196 -0.000767697230912745
			vertex 0.0030253396835178137 -0.00930000003427267 -0.001187358284369111
			vertex 0.003211514325812459 -0.009499999694526196 -0.0012604264775291085
		endloop
	endfacet
	facet normal -0.70018682473893 -0.7061164661502283 0.10553647091659077
		outer loop
			vertex 0.003440353088080883 -0.009499999694526196 -0.00025781881413422525
			vertex 0.003240912454202771 -0.00930000003427267 -0.00024287280393764377
			vertex 0.0031685156282037497 -0.00930000003427267 -0.0007231930503621697
		endloop
	endfacet
	facet normal -0.7001865173016688 -0.7061168206139888 0.1055361389996435
		outer loop
			vertex 0.003440353088080883 -0.009499999694526196 -0.00025781881413422525
			vertex 0.0031685156282037497 -0.00930000003427267 -0.0007231930503621697
			vertex 0.0033635012805461884 -0.009499999694526196 -0.000767697230912745
		endloop
	endfacet
	facet normal -0.7080957008075703 -0.7061164765800583 0
		outer loop
			vertex 0.003440353088080883 -0.009499999694526196 0.00025781881413422525
			vertex 0.003240912454202771 -0.00930000003427267 0.00024287280393764377
			vertex 0.003240912454202771 -0.00930000003427267 -0.00024287280393764377
		endloop
	endfacet
	facet normal -0.7080957008075702 -0.7061164765800583 0
		outer loop
			vertex 0.003440353088080883 -0.009499999694526196 0.00025781881413422525
			vertex 0.003240912454202771 -0.00930000003427267 -0.00024287280393764377
			vertex 0.003440353088080883 -0.009499999694526196 -0.00025781881413422525
		endloop
	endfacet
	facet normal -0.70018646478026 -0.7061168311949465 -0.10553641666140293
		outer loop
			vertex 0.0033635012805461884 -0.009499999694526196 0.000767697230912745
			vertex 0.0031685156282037497 -0.00930000003427267 0.0007231930503621697
			vertex 0.003240912454202771 -0.00930000003427267 0.00024287280393764377
		endloop
	endfacet
	facet normal -0.7001868563932093 -0.7061164767312635 -0.10553619010947074
		outer loop
			vertex 0.0033635012805461884 -0.009499999694526196 0.000767697230912745
			vertex 0.003240912454202771 -0.00930000003427267 0.00024287280393764377
			vertex 0.003440353088080883 -0.009499999694526196 0.00025781881413422525
		endloop
	endfacet
	facet normal -0.6766369941606751 -0.7061165075297495 -0.20871477170338454
		outer loop
			vertex 0.003211514325812459 -0.009499999694526196 0.0012604264775291085
			vertex 0.0030253396835178137 -0.00930000003427267 0.001187358284369111
			vertex 0.0031685156282037497 -0.00930000003427267 0.0007231930503621697
		endloop
	endfacet
	facet normal -0.6766366356852819 -0.7061168093470237 -0.20871491275441284
		outer loop
			vertex 0.003211514325812459 -0.009499999694526196 0.0012604264775291085
			vertex 0.0031685156282037497 -0.00930000003427267 0.0007231930503621697
			vertex 0.0033635012805461884 -0.009499999694526196 0.000767697230912745
		endloop
	endfacet
	facet normal -0.6379721811615331 -0.7061165220833794 -0.30723110731966674
		outer loop
			vertex 0.0029877875931560993 -0.009499999694526196 0.001724999980069697
			vertex 0.0030253396835178137 -0.00930000003427267 0.001187358284369111
			vertex 0.003211514325812459 -0.009499999694526196 0.0012604264775291085
		endloop
	endfacet
	facet normal -0.6379720860705065 -0.706116598516342 -0.3072311291105729
		outer loop
			vertex 0.0029877875931560993 -0.009499999694526196 0.001724999980069697
			vertex 0.002814582549035549 -0.00930000003427267 0.0016250000335276127
			vertex 0.0030253396835178137 -0.00930000003427267 0.001187358284369111
		endloop
	endfacet
	facet normal -0.585056065968177 -0.7061165949055933 -0.39888438685008787
		outer loop
			vertex 0.002697318559512496 -0.009499999694526196 0.002151039894670248
			vertex 0.002814582549035549 -0.00930000003427267 0.0016250000335276127
			vertex 0.0029877875931560993 -0.009499999694526196 0.001724999980069697
		endloop
	endfacet
	facet normal -0.585055886980471 -0.7061167355410787 -0.3988844004198519
		outer loop
			vertex 0.002697318559512496 -0.009499999694526196 0.002151039894670248
			vertex 0.002540952293202281 -0.00930000003427267 0.0020263418555259705
			vertex 0.002814582549035549 -0.00930000003427267 0.0016250000335276127
		endloop
	endfacet
	facet normal -0.519070735396038 -0.706116758762879 -0.48162713238523286
		outer loop
			vertex 0.0023465959820896387 -0.009499999694526196 0.0025290290359407663
			vertex 0.002540952293202281 -0.00930000003427267 0.0020263418555259705
			vertex 0.002697318559512496 -0.009499999694526196 0.002151039894670248
		endloop
	endfacet
	facet normal -0.5190707036805179 -0.7061167836793667 -0.48162713003621244
		outer loop
			vertex 0.0023465959820896387 -0.009499999694526196 0.0025290290359407663
			vertex 0.0022105614189058542 -0.00930000003427267 0.002382418606430292
			vertex 0.002540952293202281 -0.00930000003427267 0.0020263418555259705
		endloop
	endfacet
	facet normal -0.44149005769979655 -0.7061167837428244 -0.5536114311219738
		outer loop
			vertex 0.0019434541463851929 -0.009499999694526196 0.0028505236841738224
			vertex 0.0022105614189058542 -0.00930000003427267 0.002382418606430292
			vertex 0.0023465959820896387 -0.009499999694526196 0.0025290290359407663
		endloop
	endfacet
	facet normal -0.44149052603462235 -0.7061164074506543 -0.5536115375880946
		outer loop
			vertex 0.0019434541463851929 -0.009499999694526196 0.0028505236841738224
			vertex 0.0018307901918888092 -0.00930000003427267 0.0026852760929614305
			vertex 0.0022105614189058542 -0.00930000003427267 0.002382418606430292
		endloop
	endfacet
	facet normal -0.35404808349043115 -0.7061164057394983 -0.6132288122082042
		outer loop
			vertex 0.0014968989416956902 -0.009499999694526196 0.0031083426438272
			vertex 0.0018307901918888092 -0.00930000003427267 0.0026852760929614305
			vertex 0.0019434541463851929 -0.009499999694526196 0.0028505236841738224
		endloop
	endfacet
	facet normal -0.3540474032632355 -0.7061169780639611 -0.6132285459209962
		outer loop
			vertex 0.0014968989416956902 -0.009499999694526196 0.0031083426438272
			vertex 0.0014101221458986402 -0.00930000003427267 0.0029281487222760916
			vertex 0.0018307901918888092 -0.00930000003427267 0.0026852760929614305
		endloop
	endfacet
	facet normal -0.2586960906133854 -0.7061169695284459 -0.6591472961677949
		outer loop
			vertex 0.0010169052984565496 -0.009499999694526196 0.0032967261504381895
			vertex 0.0014101221458986402 -0.00930000003427267 0.0029281487222760916
			vertex 0.0014968989416956902 -0.009499999694526196 0.0031083426438272
		endloop
	endfacet
	facet normal -0.2586963459280417 -0.7061167386654569 -0.6591474432780103
		outer loop
			vertex 0.0010169052984565496 -0.009499999694526196 0.0032967261504381895
			vertex 0.0009579543257132173 -0.00930000003427267 0.00310561154037714
			vertex 0.0014101221458986402 -0.00930000003427267 0.0029281487222760916
		endloop
	endfacet
	facet normal -0.15756598710826752 -0.7061167569732992 -0.6903420059855174
		outer loop
			vertex 0.0005141958245076239 -0.009499999694526196 0.0034114662557840347
			vertex 0.0009579543257132173 -0.00930000003427267 0.00310561154037714
			vertex 0.0010169052984565496 -0.009499999694526196 0.0032967261504381895
		endloop
	endfacet
	facet normal -0.1575661274660281 -0.7061166164172411 -0.6903421177176041
		outer loop
			vertex 0.0005141958245076239 -0.009499999694526196 0.0034114662557840347
			vertex 0.00048438736121170223 -0.00930000003427267 0.0032137001398950815
			vertex 0.0009579543257132173 -0.00930000003427267 0.00310561154037714
		endloop
	endfacet
	facet normal -0.05291612182586887 -0.7061166162229953 -0.7061155771859853
		outer loop
			vertex 4.2250315152737857e-19 -0.009499999694526196 0.003449999960139394
			vertex 0.00048438736121170223 -0.00930000003427267 0.0032137001398950815
			vertex 0.0005141958245076239 -0.009499999694526196 0.0034114662557840347
		endloop
	endfacet
	facet normal -0.05291621928474829 -0.7061165040669093 -0.7061156820386691
		outer loop
			vertex 4.2250315152737857e-19 -0.009499999694526196 0.003449999960139394
			vertex 4.1025666501034857e-19 -0.00930000003427267 0.0032500000670552254
			vertex 0.00048438736121170223 -0.00930000003427267 0.0032137001398950815
		endloop
	endfacet
	facet normal 0 -1 0
		outer loop
			vertex -0.0023465959820896387 -0.009499999694526196 0.0025290290359407663
			vertex -0.0062993187457323074 -0.009499999694526196 0.0075072357431054115
			vertex -0.006929646246135235 -0.009499999694526196 0.006929646246135235
		endloop
	endfacet
	facet normal 0 -1 0
		outer loop
			vertex -0.002697318559512496 -0.009499999694526196 0.002151039894670248
			vertex -0.006929646246135235 -0.009499999694526196 0.006929646246135235
			vertex -0.0075072357431054115 -0.009499999694526196 0.0062993187457323074
		endloop
	endfacet
	facet normal 0 -1 0
		outer loop
			vertex -0.002697318559512496 -0.009499999694526196 0.002151039894670248
			vertex -0.0075072357431054115 -0.009499999694526196 0.0062993187457323074
			vertex -0.008027690462768078 -0.009499999694526196 0.005621049087494612
		endloop
	endfacet
	facet normal 0 -1 0
		outer loop
			vertex -0.002697318559512496 -0.009499999694526196 0.002151039894670248
			vertex -0.0023465959820896387 -0.009499999694526196 0.0025290290359407663
			vertex -0.006929646246135235 -0.009499999694526196 0.006929646246135235
		endloop
	endfacet
	facet normal 0 -1 0
		outer loop
			vertex -0.0019434541463851929 -0.009499999694526196 0.0028505236841738224
			vertex -0.004900000058114529 -0.009499999694526196 0.00848704855889082
			vertex -0.005621049087494612 -0.009499999694526196 0.008027690462768078
		endloop
	endfacet
	facet normal 0 -1 0
		outer loop
			vertex -0.0019434541463851929 -0.009499999694526196 0.0028505236841738224
			vertex -0.005621049087494612 -0.009499999694526196 0.008027690462768078
			vertex -0.0062993187457323074 -0.009499999694526196 0.0075072357431054115
		endloop
	endfacet
	facet normal 0 -1 0
		outer loop
			vertex -0.0019434541463851929 -0.009499999694526196 0.0028505236841738224
			vertex -0.0062993187457323074 -0.009499999694526196 0.0075072357431054115
			vertex -0.0023465959820896387 -0.009499999694526196 0.0025290290359407663
		endloop
	endfacet
	facet normal 0 -1 0
		outer loop
			vertex -0.0029877875931560993 -0.009499999694526196 0.001724999980069697
			vertex -0.008027690462768078 -0.009499999694526196 0.005621049087494612
			vertex -0.00848704855889082 -0.009499999694526196 0.004900000058114529
		endloop
	endfacet
	facet normal 0 -1 0
		outer loop
			vertex -0.0029877875931560993 -0.009499999694526196 0.001724999980069697
			vertex -0.00848704855889082 -0.009499999694526196 0.004900000058114529
			vertex -0.008881816640496254 -0.009499999694526196 0.004141659010201693
		endloop
	endfacet
	facet normal 0 -1 0
		outer loop
			vertex -0.0029877875931560993 -0.009499999694526196 0.001724999980069697
			vertex -0.002697318559512496 -0.009499999694526196 0.002151039894670248
			vertex -0.008027690462768078 -0.009499999694526196 0.005621049087494612
		endloop
	endfacet
	facet normal 0 -1 0
		outer loop
			vertex -0.0014968989416956902 -0.009499999694526196 0.0031083426438272
			vertex -0.0033517973497509956 -0.009499999694526196 0.009208987466990948
			vertex -0.004141659010201693 -0.009499999694526196 0.008881816640496254
		endloop
	endfacet
	facet normal 0 -1 0
		outer loop
			vertex -0.0014968989416956902 -0.009499999694526196 0.0031083426438272
			vertex -0.004141659010201693 -0.009499999694526196 0.008881816640496254
			vertex -0.004900000058114529 -0.009499999694526196 0.00848704855889082
		endloop
	endfacet
	facet normal 0 -1 0
		outer loop
			vertex -0.0014968989416956902 -0.009499999694526196 0.0031083426438272
			vertex -0.004900000058114529 -0.009499999694526196 0.00848704855889082
			vertex -0.0019434541463851929 -0.009499999694526196 0.0028505236841738224
		endloop
	endfacet
	facet normal 0 -1 0
		outer loop
			vertex -0.003211514325812459 -0.009499999694526196 0.0012604264775291085
			vertex -0.008881816640496254 -0.009499999694526196 0.004141659010201693
			vertex -0.009208987466990948 -0.009499999694526196 0.0033517973497509956
		endloop
	endfacet
	facet normal 0 -1 0
		outer loop
			vertex -0.003211514325812459 -0.009499999694526196 0.0012604264775291085
			vertex -0.009208987466990948 -0.009499999694526196 0.0033517973497509956
			vertex -0.009466073475778103 -0.009499999694526196 0.002536426531150937
		endloop
	endfacet
	facet normal 0 -1 0
		outer loop
			vertex -0.003211514325812459 -0.009499999694526196 0.0012604264775291085
			vertex -0.0029877875931560993 -0.009499999694526196 0.001724999980069697
			vertex -0.008881816640496254 -0.009499999694526196 0.004141659010201693
		endloop
	endfacet
	facet normal 0 -1 0
		outer loop
			vertex -0.0010169052984565496 -0.009499999694526196 0.0032967261504381895
			vertex -0.002536426531150937 -0.009499999694526196 0.009466073475778103
			vertex -0.0033517973497509956 -0.009499999694526196 0.009208987466990948
		endloop
	endfacet
	facet normal 0 -1 0
		outer loop
			vertex -0.0010169052984565496 -0.009499999694526196 0.0032967261504381895
			vertex -0.0033517973497509956 -0.009499999694526196 0.009208987466990948
			vertex -0.0014968989416956902 -0.009499999694526196 0.0031083426438272
		endloop
	endfacet
	facet normal 0 -1 0
		outer loop
			vertex -0.0033635012805461884 -0.009499999694526196 0.000767697230912745
			vertex -0.009466073475778103 -0.009499999694526196 0.002536426531150937
			vertex -0.009651116095483303 -0.009499999694526196 0.0017017521895468235
		endloop
	endfacet
	facet normal 0 -1 0
		outer loop
			vertex -0.0033635012805461884 -0.009499999694526196 0.000767697230912745
			vertex -0.003211514325812459 -0.009499999694526196 0.0012604264775291085
			vertex -0.009466073475778103 -0.009499999694526196 0.002536426531150937
		endloop
	endfacet
	facet normal 0 -1 0
		outer loop
			vertex -0.0005141958245076239 -0.009499999694526196 0.0034114662557840347
			vertex -0.0008541262941434979 -0.009499999694526196 0.009762708097696304
			vertex -0.0017017521895468235 -0.009499999694526196 0.009651116095483303
		endloop
	endfacet
	facet normal 0 -1 0
		outer loop
			vertex -0.0005141958245076239 -0.009499999694526196 0.0034114662557840347
			vertex -0.0017017521895468235 -0.009499999694526196 0.009651116095483303
			vertex -0.002536426531150937 -0.009499999694526196 0.009466073475778103
		endloop
	endfacet
	facet normal 0 -1 0
		outer loop
			vertex -0.0005141958245076239 -0.009499999694526196 0.0034114662557840347
			vertex -0.002536426531150937 -0.009499999694526196 0.009466073475778103
			vertex -0.0010169052984565496 -0.009499999694526196 0.0032967261504381895
		endloop
	endfacet
	facet normal 0 -1 0
		outer loop
			vertex -0.003440353088080883 -0.009499999694526196 0.00025781881413422525
			vertex -0.009651116095483303 -0.009499999694526196 0.0017017521895468235
			vertex -0.009762708097696304 -0.009499999694526196 0.0008541262941434979
		endloop
	endfacet
	facet normal 0 -1 0
		outer loop
			vertex -0.003440353088080883 -0.009499999694526196 0.00025781881413422525
			vertex -0.009762708097696304 -0.009499999694526196 0.0008541262941434979
			vertex -0.009800000116229057 -0.009499999694526196 1.9208528449994067e-17
		endloop
	endfacet
	facet normal 0 -1 0
		outer loop
			vertex -0.003440353088080883 -0.009499999694526196 0.00025781881413422525
			vertex -0.0033635012805461884 -0.009499999694526196 0.000767697230912745
			vertex -0.009651116095483303 -0.009499999694526196 0.0017017521895468235
		endloop
	endfacet
	facet normal 0 -1 0
		outer loop
			vertex 4.2250315152737857e-19 -0.009499999694526196 0.003449999960139394
			vertex 0 -0.009499999694526196 0.009800000116229057
			vertex -0.0008541262941434979 -0.009499999694526196 0.009762708097696304
		endloop
	endfacet
	facet normal 0 -1 0
		outer loop
			vertex 4.2250315152737857e-19 -0.009499999694526196 0.003449999960139394
			vertex 0.0008541262941434979 -0.009499999694526196 0.009762708097696304
			vertex 0 -0.009499999694526196 0.009800000116229057
		endloop
	endfacet
	facet normal 0 -1 0
		outer loop
			vertex 4.2250315152737857e-19 -0.009499999694526196 0.003449999960139394
			vertex -0.0008541262941434979 -0.009499999694526196 0.009762708097696304
			vertex -0.0005141958245076239 -0.009499999694526196 0.0034114662557840347
		endloop
	endfacet
	facet normal 0 -1 0
		outer loop
			vertex -0.003440353088080883 -0.009499999694526196 -0.00025781881413422525
			vertex -0.009800000116229057 -0.009499999694526196 1.9208528449994067e-17
			vertex -0.009762708097696304 -0.009499999694526196 -0.0008541262941434979
		endloop
	endfacet
	facet normal 0 -1 0
		outer loop
			vertex -0.003440353088080883 -0.009499999694526196 -0.00025781881413422525
			vertex -0.009762708097696304 -0.009499999694526196 -0.0008541262941434979
			vertex -0.009651116095483303 -0.009499999694526196 -0.0017017521895468235
		endloop
	endfacet
	facet normal 0 -1 0
		outer loop
			vertex -0.003440353088080883 -0.009499999694526196 -0.00025781881413422525
			vertex -0.003440353088080883 -0.009499999694526196 0.00025781881413422525
			vertex -0.009800000116229057 -0.009499999694526196 1.9208528449994067e-17
		endloop
	endfacet
	facet normal 0 -1 0
		outer loop
			vertex 0.0005141958245076239 -0.009499999694526196 0.0034114662557840347
			vertex 0.002536426531150937 -0.009499999694526196 0.009466073475778103
			vertex 0.0017017521895468235 -0.009499999694526196 0.009651116095483303
		endloop
	endfacet
	facet normal 0 -1 0
		outer loop
			vertex 0.0005141958245076239 -0.009499999694526196 0.0034114662557840347
			vertex 0.0017017521895468235 -0.009499999694526196 0.009651116095483303
			vertex 0.0008541262941434979 -0.009499999694526196 0.009762708097696304
		endloop
	endfacet
	facet normal 0 -1 0
		outer loop
			vertex 0.0005141958245076239 -0.009499999694526196 0.0034114662557840347
			vertex 0.0008541262941434979 -0.009499999694526196 0.009762708097696304
			vertex 4.2250315152737857e-19 -0.009499999694526196 0.003449999960139394
		endloop
	endfacet
	facet normal 0 -1 0
		outer loop
			vertex -0.0033635012805461884 -0.009499999694526196 -0.000767697230912745
			vertex -0.003440353088080883 -0.009499999694526196 -0.00025781881413422525
			vertex -0.009651116095483303 -0.009499999694526196 -0.0017017521895468235
		endloop
	endfacet
	facet normal 0 -1 0
		outer loop
			vertex -0.0033635012805461884 -0.009499999694526196 -0.000767697230912745
			vertex -0.009651116095483303 -0.009499999694526196 -0.0017017521895468235
			vertex -0.009466073475778103 -0.009499999694526196 -0.002536426531150937
		endloop
	endfacet
	facet normal 0 -1 0
		outer loop
			vertex 0.0010169052984565496 -0.009499999694526196 0.0032967261504381895
			vertex 0.0033517973497509956 -0.009499999694526196 0.009208987466990948
			vertex 0.002536426531150937 -0.009499999694526196 0.009466073475778103
		endloop
	endfacet
	facet normal 0 -1 0
		outer loop
			vertex 0.0010169052984565496 -0.009499999694526196 0.0032967261504381895
			vertex 0.002536426531150937 -0.009499999694526196 0.009466073475778103
			vertex 0.0005141958245076239 -0.009499999694526196 0.0034114662557840347
		endloop
	endfacet
	facet normal 0 -1 0
		outer loop
			vertex -0.003211514325812459 -0.009499999694526196 -0.0012604264775291085
			vertex -0.009466073475778103 -0.009499999694526196 -0.002536426531150937
			vertex -0.009208987466990948 -0.009499999694526196 -0.0033517973497509956
		endloop
	endfacet
	facet normal 0 -1 0
		outer loop
			vertex -0.003211514325812459 -0.009499999694526196 -0.0012604264775291085
			vertex -0.009208987466990948 -0.009499999694526196 -0.0033517973497509956
			vertex -0.008881816640496254 -0.009499999694526196 -0.004141659010201693
		endloop
	endfacet
	facet normal 0 -1 0
		outer loop
			vertex -0.003211514325812459 -0.009499999694526196 -0.0012604264775291085
			vertex -0.0033635012805461884 -0.009499999694526196 -0.000767697230912745
			vertex -0.009466073475778103 -0.009499999694526196 -0.002536426531150937
		endloop
	endfacet
	facet normal 0 -1 0
		outer loop
			vertex 0.0014968989416956902 -0.009499999694526196 0.0031083426438272
			vertex 0.004900000058114529 -0.009499999694526196 0.00848704855889082
			vertex 0.004141659010201693 -0.009499999694526196 0.008881816640496254
		endloop
	endfacet
	facet normal 0 -1 0
		outer loop
			vertex 0.0014968989416956902 -0.009499999694526196 0.0031083426438272
			vertex 0.004141659010201693 -0.009499999694526196 0.008881816640496254
			vertex 0.0033517973497509956 -0.009499999694526196 0.009208987466990948
		endloop
	endfacet
	facet normal 0 -1 0
		outer loop
			vertex 0.0014968989416956902 -0.009499999694526196 0.0031083426438272
			vertex 0.0033517973497509956 -0.009499999694526196 0.009208987466990948
			vertex 0.0010169052984565496 -0.009499999694526196 0.0032967261504381895
		endloop
	endfacet
	facet normal 0 -1 0
		outer loop
			vertex -0.0029877875931560993 -0.009499999694526196 -0.001724999980069697
			vertex -0.008881816640496254 -0.009499999694526196 -0.004141659010201693
			vertex -0.00848704855889082 -0.009499999694526196 -0.004900000058114529
		endloop
	endfacet
	facet normal 0 -1 0
		outer loop
			vertex -0.0029877875931560993 -0.009499999694526196 -0.001724999980069697
			vertex -0.00848704855889082 -0.009499999694526196 -0.004900000058114529
			vertex -0.008027690462768078 -0.009499999694526196 -0.005621049087494612
		endloop
	endfacet
	facet normal 0 -1 0
		outer loop
			vertex -0.0029877875931560993 -0.009499999694526196 -0.001724999980069697
			vertex -0.003211514325812459 -0.009499999694526196 -0.0012604264775291085
			vertex -0.008881816640496254 -0.009499999694526196 -0.004141659010201693
		endloop
	endfacet
	facet normal 0 -1 0
		outer loop
			vertex 0.0019434541463851929 -0.009499999694526196 0.0028505236841738224
			vertex 0.004900000058114529 -0.009499999694526196 0.00848704855889082
			vertex 0.0014968989416956902 -0.009499999694526196 0.0031083426438272
		endloop
	endfacet
	facet normal 0 -1 0
		outer loop
			vertex 0.0019434541463851929 -0.009499999694526196 0.0028505236841738224
			vertex 0.0062993187457323074 -0.009499999694526196 0.0075072357431054115
			vertex 0.005621049087494612 -0.009499999694526196 0.008027690462768078
		endloop
	endfacet
	facet normal 0 -1 0
		outer loop
			vertex 0.0019434541463851929 -0.009499999694526196 0.0028505236841738224
			vertex 0.005621049087494612 -0.009499999694526196 0.008027690462768078
			vertex 0.004900000058114529 -0.009499999694526196 0.00848704855889082
		endloop
	endfacet
	facet normal 0 -1 0
		outer loop
			vertex -0.002697318559512496 -0.009499999694526196 -0.002151039894670248
			vertex -0.008027690462768078 -0.009499999694526196 -0.005621049087494612
			vertex -0.0075072357431054115 -0.009499999694526196 -0.0062993187457323074
		endloop
	endfacet
	facet normal 0 -1 0
		outer loop
			vertex -0.002697318559512496 -0.009499999694526196 -0.002151039894670248
			vertex -0.0029877875931560993 -0.009499999694526196 -0.001724999980069697
			vertex -0.008027690462768078 -0.009499999694526196 -0.005621049087494612
		endloop
	endfacet
	facet normal 0 -1 0
		outer loop
			vertex 0.0023465959820896387 -0.009499999694526196 0.0025290290359407663
			vertex 0.0062993187457323074 -0.009499999694526196 0.0075072357431054115
			vertex 0.0019434541463851929 -0.009499999694526196 0.0028505236841738224
		endloop
	endfacet
	facet normal 0 -1 0
		outer loop
			vertex -0.006929646246135235 -0.009499999694526196 -0.006929646246135235
			vertex -0.002697318559512496 -0.009499999694526196 -0.002151039894670248
			vertex -0.0075072357431054115 -0.009499999694526196 -0.0062993187457323074
		endloop
	endfacet
	facet normal 0 -1 0
		outer loop
			vertex 0.006929646246135235 -0.009499999694526196 0.006929646246135235
			vertex 0.0062993187457323074 -0.009499999694526196 0.0075072357431054115
			vertex 0.0023465959820896387 -0.009499999694526196 0.0025290290359407663
		endloop
	endfacet
	facet normal 0 -1 0
		outer loop
			vertex -0.0023465959820896387 -0.009499999694526196 -0.0025290290359407663
			vertex -0.002697318559512496 -0.009499999694526196 -0.002151039894670248
			vertex -0.006929646246135235 -0.009499999694526196 -0.006929646246135235
		endloop
	endfacet
	facet normal 0 -1 0
		outer loop
			vertex 0.002697318559512496 -0.009499999694526196 0.002151039894670248
			vertex 0.006929646246135235 -0.009499999694526196 0.006929646246135235
			vertex 0.0023465959820896387 -0.009499999694526196 0.0025290290359407663
		endloop
	endfacet
	facet normal 0 -1 0
		outer loop
			vertex -0.0062993187457323074 -0.009499999694526196 -0.0075072357431054115
			vertex -0.0019434541463851929 -0.009499999694526196 -0.0028505236841738224
			vertex -0.0023465959820896387 -0.009499999694526196 -0.0025290290359407663
		endloop
	endfacet
	facet normal 0 -1 0
		outer loop
			vertex -0.0062993187457323074 -0.009499999694526196 -0.0075072357431054115
			vertex -0.0023465959820896387 -0.009499999694526196 -0.0025290290359407663
			vertex -0.006929646246135235 -0.009499999694526196 -0.006929646246135235
		endloop
	endfacet
	facet normal 0 -1 0
		outer loop
			vertex 0.0075072357431054115 -0.009499999694526196 0.0062993187457323074
			vertex 0.006929646246135235 -0.009499999694526196 0.006929646246135235
			vertex 0.002697318559512496 -0.009499999694526196 0.002151039894670248
		endloop
	endfacet
	facet normal 0 -1 0
		outer loop
			vertex -0.005621049087494612 -0.009499999694526196 -0.008027690462768078
			vertex -0.0019434541463851929 -0.009499999694526196 -0.0028505236841738224
			vertex -0.0062993187457323074 -0.009499999694526196 -0.0075072357431054115
		endloop
	endfacet
	facet normal 0 -1 0
		outer loop
			vertex 0.008027690462768078 -0.009499999694526196 0.005621049087494612
			vertex 0.0075072357431054115 -0.009499999694526196 0.0062993187457323074
			vertex 0.002697318559512496 -0.009499999694526196 0.002151039894670248
		endloop
	endfacet
	facet normal 0 -1 0
		outer loop
			vertex 0.008027690462768078 -0.009499999694526196 0.005621049087494612
			vertex 0.002697318559512496 -0.009499999694526196 0.002151039894670248
			vertex 0.0029877875931560993 -0.009499999694526196 0.001724999980069697
		endloop
	endfacet
	facet normal 0 -1 0
		outer loop
			vertex -0.004900000058114529 -0.009499999694526196 -0.00848704855889082
			vertex -0.0014968989416956902 -0.009499999694526196 -0.0031083426438272
			vertex -0.0019434541463851929 -0.009499999694526196 -0.0028505236841738224
		endloop
	endfacet
	facet normal 0 -1 0
		outer loop
			vertex -0.004900000058114529 -0.009499999694526196 -0.00848704855889082
			vertex -0.0019434541463851929 -0.009499999694526196 -0.0028505236841738224
			vertex -0.005621049087494612 -0.009499999694526196 -0.008027690462768078
		endloop
	endfacet
	facet normal 0 -1 0
		outer loop
			vertex 0.00848704855889082 -0.009499999694526196 0.004900000058114529
			vertex 0.008027690462768078 -0.009499999694526196 0.005621049087494612
			vertex 0.0029877875931560993 -0.009499999694526196 0.001724999980069697
		endloop
	endfacet
	facet normal 0 -1 0
		outer loop
			vertex -0.004141659010201693 -0.009499999694526196 -0.008881816640496254
			vertex -0.0014968989416956902 -0.009499999694526196 -0.0031083426438272
			vertex -0.004900000058114529 -0.009499999694526196 -0.00848704855889082
		endloop
	endfacet
	facet normal 0 -1 0
		outer loop
			vertex 0.008881816640496254 -0.009499999694526196 0.004141659010201693
			vertex 0.00848704855889082 -0.009499999694526196 0.004900000058114529
			vertex 0.0029877875931560993 -0.009499999694526196 0.001724999980069697
		endloop
	endfacet
	facet normal 0 -1 0
		outer loop
			vertex 0.008881816640496254 -0.009499999694526196 0.004141659010201693
			vertex 0.0029877875931560993 -0.009499999694526196 0.001724999980069697
			vertex 0.003211514325812459 -0.009499999694526196 0.0012604264775291085
		endloop
	endfacet
	facet normal 0 -1 0
		outer loop
			vertex -0.0033517973497509956 -0.009499999694526196 -0.009208987466990948
			vertex -0.0010169052984565496 -0.009499999694526196 -0.0032967261504381895
			vertex -0.0014968989416956902 -0.009499999694526196 -0.0031083426438272
		endloop
	endfacet
	facet normal 0 -1 0
		outer loop
			vertex -0.0033517973497509956 -0.009499999694526196 -0.009208987466990948
			vertex -0.0014968989416956902 -0.009499999694526196 -0.0031083426438272
			vertex -0.004141659010201693 -0.009499999694526196 -0.008881816640496254
		endloop
	endfacet
	facet normal 0 -1 0
		outer loop
			vertex 0.009208987466990948 -0.009499999694526196 0.0033517973497509956
			vertex 0.008881816640496254 -0.009499999694526196 0.004141659010201693
			vertex 0.003211514325812459 -0.009499999694526196 0.0012604264775291085
		endloop
	endfacet
	facet normal 0 -1 0
		outer loop
			vertex -0.002536426531150937 -0.009499999694526196 -0.009466073475778103
			vertex -0.0005141958245076239 -0.009499999694526196 -0.0034114662557840347
			vertex -0.0010169052984565496 -0.009499999694526196 -0.0032967261504381895
		endloop
	endfacet
	facet normal 0 -1 0
		outer loop
			vertex -0.002536426531150937 -0.009499999694526196 -0.009466073475778103
			vertex -0.0010169052984565496 -0.009499999694526196 -0.0032967261504381895
			vertex -0.0033517973497509956 -0.009499999694526196 -0.009208987466990948
		endloop
	endfacet
	facet normal 0 -1 0
		outer loop
			vertex 0.009466073475778103 -0.009499999694526196 0.002536426531150937
			vertex 0.003211514325812459 -0.009499999694526196 0.0012604264775291085
			vertex 0.0033635012805461884 -0.009499999694526196 0.000767697230912745
		endloop
	endfacet
	facet normal 0 -1 0
		outer loop
			vertex 0.009466073475778103 -0.009499999694526196 0.002536426531150937
			vertex 0.009208987466990948 -0.009499999694526196 0.0033517973497509956
			vertex 0.003211514325812459 -0.009499999694526196 0.0012604264775291085
		endloop
	endfacet
	facet normal 0 -1 0
		outer loop
			vertex -0.0017017521895468235 -0.009499999694526196 -0.009651116095483303
			vertex -0.0005141958245076239 -0.009499999694526196 -0.0034114662557840347
			vertex -0.002536426531150937 -0.009499999694526196 -0.009466073475778103
		endloop
	endfacet
	facet normal 0 -1 0
		outer loop
			vertex 0.009651116095483303 -0.009499999694526196 0.0017017521895468235
			vertex 0.0033635012805461884 -0.009499999694526196 0.000767697230912745
			vertex 0.003440353088080883 -0.009499999694526196 0.00025781881413422525
		endloop
	endfacet
	facet normal 0 -1 0
		outer loop
			vertex 0.009651116095483303 -0.009499999694526196 0.0017017521895468235
			vertex 0.009466073475778103 -0.009499999694526196 0.002536426531150937
			vertex 0.0033635012805461884 -0.009499999694526196 0.000767697230912745
		endloop
	endfacet
	facet normal 0 -1 0
		outer loop
			vertex -0.0008541262941434979 -0.009499999694526196 -0.009762708097696304
			vertex 0 -0.009499999694526196 -0.003449999960139394
			vertex -0.0005141958245076239 -0.009499999694526196 -0.0034114662557840347
		endloop
	endfacet
	facet normal 0 -1 0
		outer loop
			vertex -0.0008541262941434979 -0.009499999694526196 -0.009762708097696304
			vertex -0.0005141958245076239 -0.009499999694526196 -0.0034114662557840347
			vertex -0.0017017521895468235 -0.009499999694526196 -0.009651116095483303
		endloop
	endfacet
	facet normal 0 -1 0
		outer loop
			vertex 0.009762708097696304 -0.009499999694526196 0.0008541262941434979
			vertex 0.009651116095483303 -0.009499999694526196 0.0017017521895468235
			vertex 0.003440353088080883 -0.009499999694526196 0.00025781881413422525
		endloop
	endfacet
	facet normal 0 -1 0
		outer loop
			vertex 1.2124003815777743e-18 -0.009499999694526196 -0.009800000116229057
			vertex 0 -0.009499999694526196 -0.003449999960139394
			vertex -0.0008541262941434979 -0.009499999694526196 -0.009762708097696304
		endloop
	endfacet
	facet normal 0 -1 0
		outer loop
			vertex 0.009800000116229057 -0.009499999694526196 -7.128188396825701e-18
			vertex 0.009762708097696304 -0.009499999694526196 0.0008541262941434979
			vertex 0.003440353088080883 -0.009499999694526196 0.00025781881413422525
		endloop
	endfacet
	facet normal 0 -1 0
		outer loop
			vertex 0.009800000116229057 -0.009499999694526196 -7.128188396825701e-18
			vertex 0.003440353088080883 -0.009499999694526196 0.00025781881413422525
			vertex 0.003440353088080883 -0.009499999694526196 -0.00025781881413422525
		endloop
	endfacet
	facet normal 0 -1 0
		outer loop
			vertex 0.009762708097696304 -0.009499999694526196 -0.0008541262941434979
			vertex 0.009800000116229057 -0.009499999694526196 -7.128188396825701e-18
			vertex 0.003440353088080883 -0.009499999694526196 -0.00025781881413422525
		endloop
	endfacet
	facet normal 0 -1 0
		outer loop
			vertex 0.0008541262941434979 -0.009499999694526196 -0.009762708097696304
			vertex 0 -0.009499999694526196 -0.003449999960139394
			vertex 1.2124003815777743e-18 -0.009499999694526196 -0.009800000116229057
		endloop
	endfacet
	facet normal 0 -1 0
		outer loop
			vertex 0.0008541262941434979 -0.009499999694526196 -0.009762708097696304
			vertex 0.0005141958245076239 -0.009499999694526196 -0.0034114662557840347
			vertex 0 -0.009499999694526196 -0.003449999960139394
		endloop
	endfacet
	facet normal 0 -1 0
		outer loop
			vertex 0.0017017521895468235 -0.009499999694526196 -0.009651116095483303
			vertex 0.0005141958245076239 -0.009499999694526196 -0.0034114662557840347
			vertex 0.0008541262941434979 -0.009499999694526196 -0.009762708097696304
		endloop
	endfacet
	facet normal 0 -1 0
		outer loop
			vertex 0.009651116095483303 -0.009499999694526196 -0.0017017521895468235
			vertex 0.009762708097696304 -0.009499999694526196 -0.0008541262941434979
			vertex 0.003440353088080883 -0.009499999694526196 -0.00025781881413422525
		endloop
	endfacet
	facet normal 0 -1 0
		outer loop
			vertex 0.009651116095483303 -0.009499999694526196 -0.0017017521895468235
			vertex 0.003440353088080883 -0.009499999694526196 -0.00025781881413422525
			vertex 0.0033635012805461884 -0.009499999694526196 -0.000767697230912745
		endloop
	endfacet
	facet normal 0 -1 0
		outer loop
			vertex 0.009466073475778103 -0.009499999694526196 -0.002536426531150937
			vertex 0.009651116095483303 -0.009499999694526196 -0.0017017521895468235
			vertex 0.0033635012805461884 -0.009499999694526196 -0.000767697230912745
		endloop
	endfacet
	facet normal 0 -1 0
		outer loop
			vertex 0.009466073475778103 -0.009499999694526196 -0.002536426531150937
			vertex 0.0033635012805461884 -0.009499999694526196 -0.000767697230912745
			vertex 0.003211514325812459 -0.009499999694526196 -0.0012604264775291085
		endloop
	endfacet
	facet normal 0 -1 0
		outer loop
			vertex 0.002536426531150937 -0.009499999694526196 -0.009466073475778103
			vertex 0.0005141958245076239 -0.009499999694526196 -0.0034114662557840347
			vertex 0.0017017521895468235 -0.009499999694526196 -0.009651116095483303
		endloop
	endfacet
	facet normal 0 -1 0
		outer loop
			vertex 0.002536426531150937 -0.009499999694526196 -0.009466073475778103
			vertex 0.0010169052984565496 -0.009499999694526196 -0.0032967261504381895
			vertex 0.0005141958245076239 -0.009499999694526196 -0.0034114662557840347
		endloop
	endfacet
	facet normal 0 -1 0
		outer loop
			vertex 0.009208987466990948 -0.009499999694526196 -0.0033517973497509956
			vertex 0.009466073475778103 -0.009499999694526196 -0.002536426531150937
			vertex 0.003211514325812459 -0.009499999694526196 -0.0012604264775291085
		endloop
	endfacet
	facet normal 0 -1 0
		outer loop
			vertex 0.0033517973497509956 -0.009499999694526196 -0.009208987466990948
			vertex 0.0010169052984565496 -0.009499999694526196 -0.0032967261504381895
			vertex 0.002536426531150937 -0.009499999694526196 -0.009466073475778103
		endloop
	endfacet
	facet normal 0 -1 0
		outer loop
			vertex 0.0033517973497509956 -0.009499999694526196 -0.009208987466990948
			vertex 0.0014968989416956902 -0.009499999694526196 -0.0031083426438272
			vertex 0.0010169052984565496 -0.009499999694526196 -0.0032967261504381895
		endloop
	endfacet
	facet normal 0 -1 0
		outer loop
			vertex 0.008881816640496254 -0.009499999694526196 -0.004141659010201693
			vertex 0.009208987466990948 -0.009499999694526196 -0.0033517973497509956
			vertex 0.003211514325812459 -0.009499999694526196 -0.0012604264775291085
		endloop
	endfacet
	facet normal 0 -1 0
		outer loop
			vertex 0.008881816640496254 -0.009499999694526196 -0.004141659010201693
			vertex 0.003211514325812459 -0.009499999694526196 -0.0012604264775291085
			vertex 0.0029877875931560993 -0.009499999694526196 -0.001724999980069697
		endloop
	endfacet
	facet normal 0 -1 0
		outer loop
			vertex 0.004141659010201693 -0.009499999694526196 -0.008881816640496254
			vertex 0.0014968989416956902 -0.009499999694526196 -0.0031083426438272
			vertex 0.0033517973497509956 -0.009499999694526196 -0.009208987466990948
		endloop
	endfacet
	facet normal 0 -1 0
		outer loop
			vertex 0.00848704855889082 -0.009499999694526196 -0.004900000058114529
			vertex 0.008881816640496254 -0.009499999694526196 -0.004141659010201693
			vertex 0.0029877875931560993 -0.009499999694526196 -0.001724999980069697
		endloop
	endfacet
	facet normal 0 -1 0
		outer loop
			vertex 0.004900000058114529 -0.009499999694526196 -0.00848704855889082
			vertex 0.0014968989416956902 -0.009499999694526196 -0.0031083426438272
			vertex 0.004141659010201693 -0.009499999694526196 -0.008881816640496254
		endloop
	endfacet
	facet normal 0 -1 0
		outer loop
			vertex 0.004900000058114529 -0.009499999694526196 -0.00848704855889082
			vertex 0.0019434541463851929 -0.009499999694526196 -0.0028505236841738224
			vertex 0.0014968989416956902 -0.009499999694526196 -0.0031083426438272
		endloop
	endfacet
	facet normal 0 -1 0
		outer loop
			vertex 0.008027690462768078 -0.009499999694526196 -0.005621049087494612
			vertex 0.00848704855889082 -0.009499999694526196 -0.004900000058114529
			vertex 0.0029877875931560993 -0.009499999694526196 -0.001724999980069697
		endloop
	endfacet
	facet normal 0 -1 0
		outer loop
			vertex 0.008027690462768078 -0.009499999694526196 -0.005621049087494612
			vertex 0.0029877875931560993 -0.009499999694526196 -0.001724999980069697
			vertex 0.002697318559512496 -0.009499999694526196 -0.002151039894670248
		endloop
	endfacet
	facet normal 0 -1 0
		outer loop
			vertex 0.005621049087494612 -0.009499999694526196 -0.008027690462768078
			vertex 0.0019434541463851929 -0.009499999694526196 -0.0028505236841738224
			vertex 0.004900000058114529 -0.009499999694526196 -0.00848704855889082
		endloop
	endfacet
	facet normal 0 -1 0
		outer loop
			vertex 0.0062993187457323074 -0.009499999694526196 -0.0075072357431054115
			vertex 0.0019434541463851929 -0.009499999694526196 -0.0028505236841738224
			vertex 0.005621049087494612 -0.009499999694526196 -0.008027690462768078
		endloop
	endfacet
	facet normal 0 -1 0
		outer loop
			vertex 0.0062993187457323074 -0.009499999694526196 -0.0075072357431054115
			vertex 0.0023465959820896387 -0.009499999694526196 -0.0025290290359407663
			vertex 0.0019434541463851929 -0.009499999694526196 -0.0028505236841738224
		endloop
	endfacet
	facet normal 0 -1 0
		outer loop
			vertex 0.0075072357431054115 -0.009499999694526196 -0.0062993187457323074
			vertex 0.008027690462768078 -0.009499999694526196 -0.005621049087494612
			vertex 0.002697318559512496 -0.009499999694526196 -0.002151039894670248
		endloop
	endfacet
	facet normal 0 -1 0
		outer loop
			vertex 0.006929646246135235 -0.009499999694526196 -0.006929646246135235
			vertex 0.0023465959820896387 -0.009499999694526196 -0.0025290290359407663
			vertex 0.0062993187457323074 -0.009499999694526196 -0.0075072357431054115
		endloop
	endfacet
	facet normal 0 -1 0
		outer loop
			vertex 0.006929646246135235 -0.009499999694526196 -0.006929646246135235
			vertex 0.0075072357431054115 -0.009499999694526196 -0.0062993187457323074
			vertex 0.002697318559512496 -0.009499999694526196 -0.002151039894670248
		endloop
	endfacet
	facet normal 0 -1 0
		outer loop
			vertex 0.006929646246135235 -0.009499999694526196 -0.006929646246135235
			vertex 0.002697318559512496 -0.009499999694526196 -0.002151039894670248
			vertex 0.0023465959820896387 -0.009499999694526196 -0.0025290290359407663
		endloop
	endfacet
	facet normal -0.03085815624212191 -0.7067700383410919 -0.7067700383410919
		outer loop
			vertex -0.0008715574513189495 -0.00930000003427267 -0.009961946867406368
			vertex 1.224646790546622e-18 -0.00930000003427267 -0.009999999776482582
			vertex 1.2124003815777743e-18 -0.009499999694526196 -0.009800000116229057
		endloop
	endfacet
	facet normal -0.030858281908912478 -0.7067703384884226 -0.7067697327069055
		outer loop
			vertex -0.0008715574513189495 -0.00930000003427267 -0.009961946867406368
			vertex 1.2124003815777743e-18 -0.009499999694526196 -0.009800000116229057
			vertex -0.0008541262941434979 -0.009499999694526196 -0.009762708097696304
		endloop
	endfacet
	facet normal -0.092339728577135 -0.706770865772999 -0.701390274968784
		outer loop
			vertex -0.0017364817904308438 -0.00930000003427267 -0.009848077781498432
			vertex -0.0008541262941434979 -0.009499999694526196 -0.009762708097696304
			vertex -0.0017017521895468235 -0.009499999694526196 -0.009651116095483303
		endloop
	endfacet
	facet normal -0.09233955837861157 -0.7067703474156914 -0.7013908197092017
		outer loop
			vertex -0.0017364817904308438 -0.00930000003427267 -0.009848077781498432
			vertex -0.0008715574513189495 -0.00930000003427267 -0.009961946867406368
			vertex -0.0008541262941434979 -0.009499999694526196 -0.009762708097696304
		endloop
	endfacet
	facet normal -0.1531184555007127 -0.7067706584700214 -0.6906735661011856
		outer loop
			vertex -0.00258819037117064 -0.00930000003427267 -0.009659258648753166
			vertex -0.0017017521895468235 -0.009499999694526196 -0.009651116095483303
			vertex -0.002536426531150937 -0.009499999694526196 -0.009466073475778103
		endloop
	endfacet
	facet normal -0.1531185029570832 -0.7067708599823893 -0.6906733493714201
		outer loop
			vertex -0.00258819037117064 -0.00930000003427267 -0.009659258648753166
			vertex -0.0017364817904308438 -0.00930000003427267 -0.009848077781498432
			vertex -0.0017017521895468235 -0.009499999694526196 -0.009651116095483303
		endloop
	endfacet
	facet normal -0.21273231822207186 -0.7067714979734742 -0.6746991999670628
		outer loop
			vertex -0.003420201363041997 -0.00930000003427267 -0.009396926499903202
			vertex -0.002536426531150937 -0.009499999694526196 -0.009466073475778103
			vertex -0.0033517973497509956 -0.009499999694526196 -0.009208987466990948
		endloop
	endfacet
	facet normal -0.21273220091948886 -0.7067706652543743 -0.6747001092543558
		outer loop
			vertex -0.003420201363041997 -0.00930000003427267 -0.009396926499903202
			vertex -0.00258819037117064 -0.00930000003427267 -0.009659258648753166
			vertex -0.002536426531150937 -0.009499999694526196 -0.009466073475778103
		endloop
	endfacet
	facet normal -0.2707263023317179 -0.7067704010174107 -0.6535922807618552
		outer loop
			vertex -0.004226182587444782 -0.00930000003427267 -0.009063078090548515
			vertex -0.0033517973497509956 -0.009499999694526196 -0.009208987466990948
			vertex -0.004141659010201693 -0.009499999694526196 -0.008881816640496254
		endloop
	endfacet
	facet normal -0.2707263500681625 -0.7067714580231638 -0.6535911179801805
		outer loop
			vertex -0.004226182587444782 -0.00930000003427267 -0.009063078090548515
			vertex -0.003420201363041997 -0.00930000003427267 -0.009396926499903202
			vertex -0.0033517973497509956 -0.009499999694526196 -0.009208987466990948
		endloop
	endfacet
	facet normal -0.32666093192270634 -0.7067711835991762 -0.6275086689355044
		outer loop
			vertex -0.004999999888241291 -0.00930000003427267 -0.008660254068672657
			vertex -0.004141659010201693 -0.009499999694526196 -0.008881816640496254
			vertex -0.004900000058114529 -0.009499999694526196 -0.00848704855889082
		endloop
	endfacet
	facet normal -0.32666097161325847 -0.7067704036442052 -0.6275095267462394
		outer loop
			vertex -0.004999999888241291 -0.00930000003427267 -0.008660254068672657
			vertex -0.004226182587444782 -0.00930000003427267 -0.009063078090548515
			vertex -0.004141659010201693 -0.009499999694526196 -0.008881816640496254
		endloop
	endfacet
	facet normal -0.3801085265691492 -0.7067711146246738 -0.5966507349879213
		outer loop
			vertex -0.005735764279961586 -0.00930000003427267 -0.008191520348191261
			vertex -0.004999999888241291 -0.00930000003427267 -0.008660254068672657
			vertex -0.004900000058114529 -0.009499999694526196 -0.00848704855889082
		endloop
	endfacet
	facet normal -0.38010872605231644 -0.7067697534220583 -0.5966522203315832
		outer loop
			vertex -0.005735764279961586 -0.00930000003427267 -0.008191520348191261
			vertex -0.004900000058114529 -0.009499999694526196 -0.00848704855889082
			vertex -0.005621049087494612 -0.009499999694526196 -0.008027690462768078
		endloop
	endfacet
	facet normal -0.430664297114694 -0.7067698021300275 -0.5612528039910254
		outer loop
			vertex -0.0064278761856257915 -0.00930000003427267 -0.007660444360226393
			vertex -0.005735764279961586 -0.00930000003427267 -0.008191520348191261
			vertex -0.005621049087494612 -0.009499999694526196 -0.008027690462768078
		endloop
	endfacet
	facet normal -0.4306642086548448 -0.7067701690369816 -0.5612524098328066
		outer loop
			vertex -0.0064278761856257915 -0.00930000003427267 -0.007660444360226393
			vertex -0.005621049087494612 -0.009499999694526196 -0.008027690462768078
			vertex -0.0062993187457323074 -0.009499999694526196 -0.0075072357431054115
		endloop
	endfacet
	facet normal -0.47794191537985303 -0.706770178809743 -0.5215816713308485
		outer loop
			vertex -0.007071067579090595 -0.00930000003427267 -0.007071067579090595
			vertex -0.0064278761856257915 -0.00930000003427267 -0.007660444360226393
			vertex -0.0062993187457323074 -0.009499999694526196 -0.0075072357431054115
		endloop
	endfacet
	facet normal -0.4779417784131089 -0.7067705891250633 -0.5215812408389761
		outer loop
			vertex -0.007071067579090595 -0.00930000003427267 -0.007071067579090595
			vertex -0.0062993187457323074 -0.009499999694526196 -0.0075072357431054115
			vertex -0.006929646246135235 -0.009499999694526196 -0.006929646246135235
		endloop
	endfacet
	facet normal -0.5215813721551755 -0.7067705849805171 -0.47794164123564503
		outer loop
			vertex -0.007660444360226393 -0.00930000003427267 -0.0064278761856257915
			vertex -0.007071067579090595 -0.00930000003427267 -0.007071067579090595
			vertex -0.006929646246135235 -0.009499999694526196 -0.006929646246135235
		endloop
	endfacet
	facet normal -0.5215815461201565 -0.7067701746651488 -0.47794205815213875
		outer loop
			vertex -0.007660444360226393 -0.00930000003427267 -0.0064278761856257915
			vertex -0.006929646246135235 -0.009499999694526196 -0.006929646246135235
			vertex -0.0075072357431054115 -0.009499999694526196 -0.0062993187457323074
		endloop
	endfacet
	facet normal -0.561252516118734 -0.7067701653308108 -0.43066407622258057
		outer loop
			vertex -0.008191520348191261 -0.00930000003427267 -0.005735764279961586
			vertex -0.007660444360226393 -0.00930000003427267 -0.0064278761856257915
			vertex -0.0075072357431054115 -0.009499999694526196 -0.0062993187457323074
		endloop
	endfacet
	facet normal -0.5612527035799387 -0.7067697984240007 -0.4306644340549927
		outer loop
			vertex -0.008191520348191261 -0.00930000003427267 -0.005735764279961586
			vertex -0.0075072357431054115 -0.009499999694526196 -0.0062993187457323074
			vertex -0.008027690462768078 -0.009499999694526196 -0.005621049087494612
		endloop
	endfacet
	facet normal -0.596651870337534 -0.706769767172047 -0.380109249866789
		outer loop
			vertex -0.008660254068672657 -0.00930000003427267 -0.004999999888241291
			vertex -0.008191520348191261 -0.00930000003427267 -0.005735764279961586
			vertex -0.008027690462768078 -0.009499999694526196 -0.005621049087494612
		endloop
	endfacet
	facet normal -0.5966510618101364 -0.7067711283746403 -0.3801079879940368
		outer loop
			vertex -0.008660254068672657 -0.00930000003427267 -0.004999999888241291
			vertex -0.008027690462768078 -0.009499999694526196 -0.005621049087494612
			vertex -0.00848704855889082 -0.009499999694526196 -0.004900000058114529
		endloop
	endfacet
	facet normal -0.6275093670883817 -0.7067703957657542 -0.32666129535875243
		outer loop
			vertex -0.009063078090548515 -0.00930000003427267 -0.004226182587444782
			vertex -0.00848704855889082 -0.009499999694526196 -0.004900000058114529
			vertex -0.008881816640496254 -0.009499999694526196 -0.004141659010201693
		endloop
	endfacet
	facet normal -0.6275088425559723 -0.7067711757212588 -0.32666061544614405
		outer loop
			vertex -0.009063078090548515 -0.00930000003427267 -0.004226182587444782
			vertex -0.008660254068672657 -0.00930000003427267 -0.004999999888241291
			vertex -0.00848704855889082 -0.009499999694526196 -0.004900000058114529
		endloop
	endfacet
	facet normal -0.653591295287706 -0.706771468700152 -0.27072589413569065
		outer loop
			vertex -0.009396926499903202 -0.00930000003427267 -0.003420201363041997
			vertex -0.008881816640496254 -0.009499999694526196 -0.004141659010201693
			vertex -0.009208987466990948 -0.009499999694526196 -0.0033517973497509956
		endloop
	endfacet
	facet normal -0.6535920837443677 -0.7067704116942969 -0.270726750100853
		outer loop
			vertex -0.009396926499903202 -0.00930000003427267 -0.003420201363041997
			vertex -0.009063078090548515 -0.00930000003427267 -0.004226182587444782
			vertex -0.008881816640496254 -0.009499999694526196 -0.004141659010201693
		endloop
	endfacet
	facet normal -0.6747000014061234 -0.7067706568430099 -0.21273257091540437
		outer loop
			vertex -0.009659258648753166 -0.00930000003427267 -0.00258819037117064
			vertex -0.009208987466990948 -0.009499999694526196 -0.0033517973497509956
			vertex -0.009466073475778103 -0.009499999694526196 -0.002536426531150937
		endloop
	endfacet
	facet normal -0.6746993238437617 -0.706771489562418 -0.2127319532803941
		outer loop
			vertex -0.009659258648753166 -0.00930000003427267 -0.00258819037117064
			vertex -0.009396926499903202 -0.00930000003427267 -0.003420201363041997
			vertex -0.009208987466990948 -0.009499999694526196 -0.0033517973497509956
		endloop
	endfacet
	facet normal -0.6906733675669534 -0.706770862017873 -0.15311841148678704
		outer loop
			vertex -0.009848077781498432 -0.00930000003427267 -0.0017364817904308438
			vertex -0.009466073475778103 -0.009499999694526196 -0.002536426531150937
			vertex -0.009651116095483303 -0.009499999694526196 -0.0017017521895468235
		endloop
	endfacet
	facet normal -0.6906735439349406 -0.7067706605055167 -0.15311854609075126
		outer loop
			vertex -0.009848077781498432 -0.00930000003427267 -0.0017364817904308438
			vertex -0.009659258648753166 -0.00930000003427267 -0.00258819037117064
			vertex -0.009466073475778103 -0.009499999694526196 -0.002536426531150937
		endloop
	endfacet
	facet normal -0.7013907935893255 -0.7067703421798011 -0.09233979685478548
		outer loop
			vertex -0.009961946867406368 -0.00930000003427267 -0.0008715574513189495
			vertex -0.009651116095483303 -0.009499999694526196 -0.0017017521895468235
			vertex -0.009762708097696304 -0.009499999694526196 -0.0008541262941434979
		endloop
	endfacet
	facet normal -0.7013903114609998 -0.7067708605370745 -0.09233949146668004
		outer loop
			vertex -0.009961946867406368 -0.00930000003427267 -0.0008715574513189495
			vertex -0.009848077781498432 -0.00930000003427267 -0.0017364817904308438
			vertex -0.009651116095483303 -0.009499999694526196 -0.0017017521895468235
		endloop
	endfacet
	facet normal -0.706770035309306 -0.7067700353093059 -0.030858295120838927
		outer loop
			vertex -0.009999999776482582 -0.00930000003427267 1.9600539268450297e-17
			vertex -0.009762708097696304 -0.009499999694526196 -0.0008541262941434979
			vertex -0.009800000116229057 -0.009499999694526196 1.9208528449994067e-17
		endloop
	endfacet
	facet normal -0.7067697417907371 -0.7067703354566258 -0.03085814329449093
		outer loop
			vertex -0.009999999776482582 -0.00930000003427267 1.9600539268450297e-17
			vertex -0.009961946867406368 -0.00930000003427267 -0.0008715574513189495
			vertex -0.009762708097696304 -0.009499999694526196 -0.0008541262941434979
		endloop
	endfacet
	facet normal -0.7067697327069055 -0.7067703384884227 0.030858281908913213
		outer loop
			vertex -0.009961946867406368 -0.00930000003427267 0.0008715574513189495
			vertex -0.009800000116229057 -0.009499999694526196 1.9208528449994067e-17
			vertex -0.009762708097696304 -0.009499999694526196 0.0008541262941434979
		endloop
	endfacet
	facet normal -0.7067700383410919 -0.706770038341092 0.03085815624212264
		outer loop
			vertex -0.009961946867406368 -0.00930000003427267 0.0008715574513189495
			vertex -0.009999999776482582 -0.00930000003427267 1.9600539268450297e-17
			vertex -0.009800000116229057 -0.009499999694526196 1.9208528449994067e-17
		endloop
	endfacet
	facet normal -0.7013902749687841 -0.7067708657729991 0.09233972857713502
		outer loop
			vertex -0.009848077781498432 -0.00930000003427267 0.0017364817904308438
			vertex -0.009762708097696304 -0.009499999694526196 0.0008541262941434979
			vertex -0.009651116095483303 -0.009499999694526196 0.0017017521895468235
		endloop
	endfacet
	facet normal -0.7013908197092017 -0.7067703474156914 0.09233955837861157
		outer loop
			vertex -0.009848077781498432 -0.00930000003427267 0.0017364817904308438
			vertex -0.009961946867406368 -0.00930000003427267 0.0008715574513189495
			vertex -0.009762708097696304 -0.009499999694526196 0.0008541262941434979
		endloop
	endfacet
	facet normal -0.6906735661011856 -0.7067706584700214 0.1531184555007127
		outer loop
			vertex -0.009659258648753166 -0.00930000003427267 0.00258819037117064
			vertex -0.009651116095483303 -0.009499999694526196 0.0017017521895468235
			vertex -0.009466073475778103 -0.009499999694526196 0.002536426531150937
		endloop
	endfacet
	facet normal -0.69067334937142 -0.7067708599823892 0.1531185029570832
		outer loop
			vertex -0.009659258648753166 -0.00930000003427267 0.00258819037117064
			vertex -0.009848077781498432 -0.00930000003427267 0.0017364817904308438
			vertex -0.009651116095483303 -0.009499999694526196 0.0017017521895468235
		endloop
	endfacet
	facet normal -0.6746991999670628 -0.7067714979734742 0.21273231822207186
		outer loop
			vertex -0.009396926499903202 -0.00930000003427267 0.003420201363041997
			vertex -0.009466073475778103 -0.009499999694526196 0.002536426531150937
			vertex -0.009208987466990948 -0.009499999694526196 0.0033517973497509956
		endloop
	endfacet
	facet normal -0.6747001092543558 -0.7067706652543743 0.21273220091948886
		outer loop
			vertex -0.009396926499903202 -0.00930000003427267 0.003420201363041997
			vertex -0.009659258648753166 -0.00930000003427267 0.00258819037117064
			vertex -0.009466073475778103 -0.009499999694526196 0.002536426531150937
		endloop
	endfacet
	facet normal -0.6535922807618552 -0.7067704010174107 0.2707263023317179
		outer loop
			vertex -0.009063078090548515 -0.00930000003427267 0.004226182587444782
			vertex -0.009208987466990948 -0.009499999694526196 0.0033517973497509956
			vertex -0.008881816640496254 -0.009499999694526196 0.004141659010201693
		endloop
	endfacet
	facet normal -0.6535911179801805 -0.7067714580231638 0.2707263500681625
		outer loop
			vertex -0.009063078090548515 -0.00930000003427267 0.004226182587444782
			vertex -0.009396926499903202 -0.00930000003427267 0.003420201363041997
			vertex -0.009208987466990948 -0.009499999694526196 0.0033517973497509956
		endloop
	endfacet
	facet normal -0.6275086689355044 -0.7067711835991762 0.32666093192270634
		outer loop
			vertex -0.008660254068672657 -0.00930000003427267 0.004999999888241291
			vertex -0.008881816640496254 -0.009499999694526196 0.004141659010201693
			vertex -0.00848704855889082 -0.009499999694526196 0.004900000058114529
		endloop
	endfacet
	facet normal -0.6275095267462395 -0.7067704036442053 0.32666097161325847
		outer loop
			vertex -0.008660254068672657 -0.00930000003427267 0.004999999888241291
			vertex -0.009063078090548515 -0.00930000003427267 0.004226182587444782
			vertex -0.008881816640496254 -0.009499999694526196 0.004141659010201693
		endloop
	endfacet
	facet normal -0.5966522203315832 -0.7067697534220583 0.38010872605231644
		outer loop
			vertex -0.008191520348191261 -0.00930000003427267 0.005735764279961586
			vertex -0.00848704855889082 -0.009499999694526196 0.004900000058114529
			vertex -0.008027690462768078 -0.009499999694526196 0.005621049087494612
		endloop
	endfacet
	facet normal -0.5966507349879213 -0.7067711146246738 0.3801085265691492
		outer loop
			vertex -0.008191520348191261 -0.00930000003427267 0.005735764279961586
			vertex -0.008660254068672657 -0.00930000003427267 0.004999999888241291
			vertex -0.00848704855889082 -0.009499999694526196 0.004900000058114529
		endloop
	endfacet
	facet normal -0.5612524098328066 -0.7067701690369816 0.4306642086548448
		outer loop
			vertex -0.007660444360226393 -0.00930000003427267 0.0064278761856257915
			vertex -0.008027690462768078 -0.009499999694526196 0.005621049087494612
			vertex -0.0075072357431054115 -0.009499999694526196 0.0062993187457323074
		endloop
	endfacet
	facet normal -0.5612528039910255 -0.7067698021300276 0.4306642971146941
		outer loop
			vertex -0.007660444360226393 -0.00930000003427267 0.0064278761856257915
			vertex -0.008191520348191261 -0.00930000003427267 0.005735764279961586
			vertex -0.008027690462768078 -0.009499999694526196 0.005621049087494612
		endloop
	endfacet
	facet normal -0.521581240838976 -0.7067705891250632 0.4779417784131088
		outer loop
			vertex -0.007071067579090595 -0.00930000003427267 0.007071067579090595
			vertex -0.0075072357431054115 -0.009499999694526196 0.0062993187457323074
			vertex -0.006929646246135235 -0.009499999694526196 0.006929646246135235
		endloop
	endfacet
	facet normal -0.5215816713308485 -0.706770178809743 0.47794191537985303
		outer loop
			vertex -0.007071067579090595 -0.00930000003427267 0.007071067579090595
			vertex -0.007660444360226393 -0.00930000003427267 0.0064278761856257915
			vertex -0.0075072357431054115 -0.009499999694526196 0.0062993187457323074
		endloop
	endfacet
	facet normal -0.47794205815213864 -0.7067701746651487 0.5215815461201564
		outer loop
			vertex -0.0064278761856257915 -0.00930000003427267 0.007660444360226393
			vertex -0.006929646246135235 -0.009499999694526196 0.006929646246135235
			vertex -0.0062993187457323074 -0.009499999694526196 0.0075072357431054115
		endloop
	endfacet
	facet normal -0.47794164123564503 -0.7067705849805171 0.5215813721551755
		outer loop
			vertex -0.0064278761856257915 -0.00930000003427267 0.007660444360226393
			vertex -0.007071067579090595 -0.00930000003427267 0.007071067579090595
			vertex -0.006929646246135235 -0.009499999694526196 0.006929646246135235
		endloop
	endfacet
	facet normal -0.4306644340549926 -0.7067697984240006 0.5612527035799386
		outer loop
			vertex -0.005735764279961586 -0.00930000003427267 0.008191520348191261
			vertex -0.0062993187457323074 -0.009499999694526196 0.0075072357431054115
			vertex -0.005621049087494612 -0.009499999694526196 0.008027690462768078
		endloop
	endfacet
	facet normal -0.43066407622258057 -0.7067701653308108 0.561252516118734
		outer loop
			vertex -0.005735764279961586 -0.00930000003427267 0.008191520348191261
			vertex -0.0064278761856257915 -0.00930000003427267 0.007660444360226393
			vertex -0.0062993187457323074 -0.009499999694526196 0.0075072357431054115
		endloop
	endfacet
	facet normal -0.38010798799403683 -0.7067711283746402 0.5966510618101363
		outer loop
			vertex -0.004999999888241291 -0.00930000003427267 0.008660254068672657
			vertex -0.005621049087494612 -0.009499999694526196 0.008027690462768078
			vertex -0.004900000058114529 -0.009499999694526196 0.00848704855889082
		endloop
	endfacet
	facet normal -0.380109249866789 -0.706769767172047 0.596651870337534
		outer loop
			vertex -0.004999999888241291 -0.00930000003427267 0.008660254068672657
			vertex -0.005735764279961586 -0.00930000003427267 0.008191520348191261
			vertex -0.005621049087494612 -0.009499999694526196 0.008027690462768078
		endloop
	endfacet
	facet normal -0.3266612953587524 -0.7067703957657541 0.6275093670883817
		outer loop
			vertex -0.004226182587444782 -0.00930000003427267 0.009063078090548515
			vertex -0.004900000058114529 -0.009499999694526196 0.00848704855889082
			vertex -0.004141659010201693 -0.009499999694526196 0.008881816640496254
		endloop
	endfacet
	facet normal -0.32666061544614405 -0.7067711757212588 0.6275088425559723
		outer loop
			vertex -0.004226182587444782 -0.00930000003427267 0.009063078090548515
			vertex -0.004999999888241291 -0.00930000003427267 0.008660254068672657
			vertex -0.004900000058114529 -0.009499999694526196 0.00848704855889082
		endloop
	endfacet
	facet normal -0.270726750100853 -0.7067704116942969 0.6535920837443677
		outer loop
			vertex -0.003420201363041997 -0.00930000003427267 0.009396926499903202
			vertex -0.004226182587444782 -0.00930000003427267 0.009063078090548515
			vertex -0.004141659010201693 -0.009499999694526196 0.008881816640496254
		endloop
	endfacet
	facet normal -0.2707258941356906 -0.7067714687001518 0.6535912952877059
		outer loop
			vertex -0.003420201363041997 -0.00930000003427267 0.009396926499903202
			vertex -0.004141659010201693 -0.009499999694526196 0.008881816640496254
			vertex -0.0033517973497509956 -0.009499999694526196 0.009208987466990948
		endloop
	endfacet
	facet normal -0.2127319532803941 -0.706771489562418 0.6746993238437617
		outer loop
			vertex -0.00258819037117064 -0.00930000003427267 0.009659258648753166
			vertex -0.003420201363041997 -0.00930000003427267 0.009396926499903202
			vertex -0.0033517973497509956 -0.009499999694526196 0.009208987466990948
		endloop
	endfacet
	facet normal -0.21273257091540437 -0.7067706568430099 0.6747000014061234
		outer loop
			vertex -0.00258819037117064 -0.00930000003427267 0.009659258648753166
			vertex -0.0033517973497509956 -0.009499999694526196 0.009208987466990948
			vertex -0.002536426531150937 -0.009499999694526196 0.009466073475778103
		endloop
	endfacet
	facet normal -0.15311841148678704 -0.706770862017873 0.6906733675669534
		outer loop
			vertex -0.0017364817904308438 -0.00930000003427267 0.009848077781498432
			vertex -0.002536426531150937 -0.009499999694526196 0.009466073475778103
			vertex -0.0017017521895468235 -0.009499999694526196 0.009651116095483303
		endloop
	endfacet
	facet normal -0.15311854609075126 -0.7067706605055167 0.6906735439349406
		outer loop
			vertex -0.0017364817904308438 -0.00930000003427267 0.009848077781498432
			vertex -0.00258819037117064 -0.00930000003427267 0.009659258648753166
			vertex -0.002536426531150937 -0.009499999694526196 0.009466073475778103
		endloop
	endfacet
	facet normal -0.09233979685478548 -0.7067703421798011 0.7013907935893255
		outer loop
			vertex -0.0008715574513189495 -0.00930000003427267 0.009961946867406368
			vertex -0.0017017521895468235 -0.009499999694526196 0.009651116095483303
			vertex -0.0008541262941434979 -0.009499999694526196 0.009762708097696304
		endloop
	endfacet
	facet normal -0.09233949146668004 -0.7067708605370745 0.7013903114609998
		outer loop
			vertex -0.0008715574513189495 -0.00930000003427267 0.009961946867406368
			vertex -0.0017364817904308438 -0.00930000003427267 0.009848077781498432
			vertex -0.0017017521895468235 -0.009499999694526196 0.009651116095483303
		endloop
	endfacet
	facet normal -0.030858295120839613 -0.7067700353093059 0.7067700353093059
		outer loop
			vertex 0 -0.00930000003427267 0.009999999776482582
			vertex -0.0008541262941434979 -0.009499999694526196 0.009762708097696304
			vertex 0 -0.009499999694526196 0.009800000116229057
		endloop
	endfacet
	facet normal -0.03085814329449163 -0.7067703354566259 0.7067697417907371
		outer loop
			vertex 0 -0.00930000003427267 0.009999999776482582
			vertex -0.0008715574513189495 -0.00930000003427267 0.009961946867406368
			vertex -0.0008541262941434979 -0.009499999694526196 0.009762708097696304
		endloop
	endfacet
	facet normal -0.04361926031629725 2.871945535242611e-18 0.9990482271289305
		outer loop
			vertex -0.0008715574513189495 -0.00930000003427267 0.009961946867406368
			vertex 0 -0.00930000003427267 0.009999999776482582
			vertex 1.224646790546622e-18 0.00930000003427267 0.009999999776482582
		endloop
	endfacet
	facet normal -0.04361926031629719 0 0.9990482271289306
		outer loop
			vertex -0.0008715574513189495 -0.00930000003427267 0.009961946867406368
			vertex 1.224646790546622e-18 0.00930000003427267 0.009999999776482582
			vertex -0.0008715574513189495 0.00930000003427267 0.009961946867406368
		endloop
	endfacet
	facet normal -0.13052578257846845 0 0.9914449153040619
		outer loop
			vertex -0.0017364817904308438 -0.00930000003427267 0.009848077781498432
			vertex -0.0008715574513189495 0.00930000003427267 0.009961946867406368
			vertex -0.0017364817904308438 0.00930000003427267 0.009848077781498432
		endloop
	endfacet
	facet normal -0.13052578257846845 0 0.9914449153040619
		outer loop
			vertex -0.0017364817904308438 -0.00930000003427267 0.009848077781498432
			vertex -0.0008715574513189495 -0.00930000003427267 0.009961946867406368
			vertex -0.0008715574513189495 0.00930000003427267 0.009961946867406368
		endloop
	endfacet
	facet normal -0.21643948967677695 0 0.9762960346679979
		outer loop
			vertex -0.00258819037117064 -0.00930000003427267 0.009659258648753166
			vertex -0.0017364817904308438 0.00930000003427267 0.009848077781498432
			vertex -0.00258819037117064 0.00930000003427267 0.009659258648753166
		endloop
	endfacet
	facet normal -0.21643948967677695 0 0.9762960346679979
		outer loop
			vertex -0.00258819037117064 -0.00930000003427267 0.009659258648753166
			vertex -0.0017364817904308438 -0.00930000003427267 0.009848077781498432
			vertex -0.0017364817904308438 0.00930000003427267 0.009848077781498432
		endloop
	endfacet
	facet normal -0.3007058941529286 0 0.9537169209056154
		outer loop
			vertex -0.003420201363041997 -0.00930000003427267 0.009396926499903202
			vertex -0.00258819037117064 0.00930000003427267 0.009659258648753166
			vertex -0.003420201363041997 0.00930000003427267 0.009396926499903202
		endloop
	endfacet
	facet normal -0.3007058941529286 0 0.9537169209056154
		outer loop
			vertex -0.003420201363041997 -0.00930000003427267 0.009396926499903202
			vertex -0.00258819037117064 -0.00930000003427267 0.009659258648753166
			vertex -0.00258819037117064 0.00930000003427267 0.009659258648753166
		endloop
	endfacet
	facet normal -0.38268348636256655 0 0.9238795101447979
		outer loop
			vertex -0.004226182587444782 -0.00930000003427267 0.009063078090548515
			vertex -0.003420201363041997 0.00930000003427267 0.009396926499903202
			vertex -0.004226182587444782 0.00930000003427267 0.009063078090548515
		endloop
	endfacet
	facet normal -0.38268348636256655 0 0.9238795101447979
		outer loop
			vertex -0.004226182587444782 -0.00930000003427267 0.009063078090548515
			vertex -0.003420201363041997 -0.00930000003427267 0.009396926499903202
			vertex -0.003420201363041997 0.00930000003427267 0.009396926499903202
		endloop
	endfacet
	facet normal -0.46174882241170545 0 0.8870107242877076
		outer loop
			vertex -0.004999999888241291 -0.00930000003427267 0.008660254068672657
			vertex -0.004226182587444782 -0.00930000003427267 0.009063078090548515
			vertex -0.004226182587444782 0.00930000003427267 0.009063078090548515
		endloop
	endfacet
	facet normal -0.46174882241170545 0 0.8870107242877076
		outer loop
			vertex -0.004999999888241291 -0.00930000003427267 0.008660254068672657
			vertex -0.004226182587444782 0.00930000003427267 0.009063078090548515
			vertex -0.004999999888241291 0.00930000003427267 0.008660254068672657
		endloop
	endfacet
	facet normal -0.5372996960429693 0 0.843391389944273
		outer loop
			vertex -0.005735764279961586 -0.00930000003427267 0.008191520348191261
			vertex -0.004999999888241291 -0.00930000003427267 0.008660254068672657
			vertex -0.004999999888241291 0.00930000003427267 0.008660254068672657
		endloop
	endfacet
	facet normal -0.5372996960429693 0 0.843391389944273
		outer loop
			vertex -0.005735764279961586 -0.00930000003427267 0.008191520348191261
			vertex -0.004999999888241291 0.00930000003427267 0.008660254068672657
			vertex -0.005735764279961586 0.00930000003427267 0.008191520348191261
		endloop
	endfacet
	facet normal -0.6087613164920275 0 0.7933534266283178
		outer loop
			vertex -0.0064278761856257915 -0.00930000003427267 0.007660444360226393
			vertex -0.005735764279961586 0.00930000003427267 0.008191520348191261
			vertex -0.0064278761856257915 0.00930000003427267 0.007660444360226393
		endloop
	endfacet
	facet normal -0.6087613164920275 0 0.7933534266283178
		outer loop
			vertex -0.0064278761856257915 -0.00930000003427267 0.007660444360226393
			vertex -0.005735764279961586 -0.00930000003427267 0.008191520348191261
			vertex -0.005735764279961586 0.00930000003427267 0.008191520348191261
		endloop
	endfacet
	facet normal -0.6755904920224617 0 0.7372770761992049
		outer loop
			vertex -0.007071067579090595 -0.00930000003427267 0.007071067579090595
			vertex -0.0064278761856257915 0.00930000003427267 0.007660444360226393
			vertex -0.007071067579090595 0.00930000003427267 0.007071067579090595
		endloop
	endfacet
	facet normal -0.6755904920224617 0 0.7372770761992049
		outer loop
			vertex -0.007071067579090595 -0.00930000003427267 0.007071067579090595
			vertex -0.0064278761856257915 -0.00930000003427267 0.007660444360226393
			vertex -0.0064278761856257915 0.00930000003427267 0.007660444360226393
		endloop
	endfacet
	facet normal -0.7372770761992049 0 0.6755904920224617
		outer loop
			vertex -0.007660444360226393 -0.00930000003427267 0.0064278761856257915
			vertex -0.007071067579090595 0.00930000003427267 0.007071067579090595
			vertex -0.007660444360226393 0.00930000003427267 0.0064278761856257915
		endloop
	endfacet
	facet normal -0.7372770761992049 0 0.6755904920224617
		outer loop
			vertex -0.007660444360226393 -0.00930000003427267 0.0064278761856257915
			vertex -0.007071067579090595 -0.00930000003427267 0.007071067579090595
			vertex -0.007071067579090595 0.00930000003427267 0.007071067579090595
		endloop
	endfacet
	facet normal -0.7933534266283178 0 0.6087613164920275
		outer loop
			vertex -0.008191520348191261 -0.00930000003427267 0.005735764279961586
			vertex -0.007660444360226393 0.00930000003427267 0.0064278761856257915
			vertex -0.008191520348191261 0.00930000003427267 0.005735764279961586
		endloop
	endfacet
	facet normal -0.7933534266283178 0 0.6087613164920275
		outer loop
			vertex -0.008191520348191261 -0.00930000003427267 0.005735764279961586
			vertex -0.007660444360226393 -0.00930000003427267 0.0064278761856257915
			vertex -0.007660444360226393 0.00930000003427267 0.0064278761856257915
		endloop
	endfacet
	facet normal -0.843391389944273 0 0.5372996960429693
		outer loop
			vertex -0.008660254068672657 -0.00930000003427267 0.004999999888241291
			vertex -0.008191520348191261 0.00930000003427267 0.005735764279961586
			vertex -0.008660254068672657 0.00930000003427267 0.004999999888241291
		endloop
	endfacet
	facet normal -0.843391389944273 0 0.5372996960429693
		outer loop
			vertex -0.008660254068672657 -0.00930000003427267 0.004999999888241291
			vertex -0.008191520348191261 -0.00930000003427267 0.005735764279961586
			vertex -0.008191520348191261 0.00930000003427267 0.005735764279961586
		endloop
	endfacet
	facet normal -0.8870107242877076 0 0.46174882241170545
		outer loop
			vertex -0.009063078090548515 -0.00930000003427267 0.004226182587444782
			vertex -0.008660254068672657 0.00930000003427267 0.004999999888241291
			vertex -0.009063078090548515 0.00930000003427267 0.004226182587444782
		endloop
	endfacet
	facet normal -0.8870107242877076 0 0.46174882241170545
		outer loop
			vertex -0.009063078090548515 -0.00930000003427267 0.004226182587444782
			vertex -0.008660254068672657 -0.00930000003427267 0.004999999888241291
			vertex -0.008660254068672657 0.00930000003427267 0.004999999888241291
		endloop
	endfacet
	facet normal -0.9238795101447979 0 0.38268348636256655
		outer loop
			vertex -0.009396926499903202 -0.00930000003427267 0.003420201363041997
			vertex -0.009063078090548515 0.00930000003427267 0.004226182587444782
			vertex -0.009396926499903202 0.00930000003427267 0.003420201363041997
		endloop
	endfacet
	facet normal -0.9238795101447979 0 0.38268348636256655
		outer loop
			vertex -0.009396926499903202 -0.00930000003427267 0.003420201363041997
			vertex -0.009063078090548515 -0.00930000003427267 0.004226182587444782
			vertex -0.009063078090548515 0.00930000003427267 0.004226182587444782
		endloop
	endfacet
	facet normal -0.9537169209056154 0 0.3007058941529286
		outer loop
			vertex -0.009659258648753166 -0.00930000003427267 0.00258819037117064
			vertex -0.009396926499903202 0.00930000003427267 0.003420201363041997
			vertex -0.009659258648753166 0.00930000003427267 0.00258819037117064
		endloop
	endfacet
	facet normal -0.9537169209056154 0 0.3007058941529286
		outer loop
			vertex -0.009659258648753166 -0.00930000003427267 0.00258819037117064
			vertex -0.009396926499903202 -0.00930000003427267 0.003420201363041997
			vertex -0.009396926499903202 0.00930000003427267 0.003420201363041997
		endloop
	endfacet
	facet normal -0.9762960346679979 0 0.21643948967677695
		outer loop
			vertex -0.009848077781498432 -0.00930000003427267 0.0017364817904308438
			vertex -0.009659258648753166 0.00930000003427267 0.00258819037117064
			vertex -0.009848077781498432 0.00930000003427267 0.0017364817904308438
		endloop
	endfacet
	facet normal -0.9762960346679979 0 0.21643948967677695
		outer loop
			vertex -0.009848077781498432 -0.00930000003427267 0.0017364817904308438
			vertex -0.009659258648753166 -0.00930000003427267 0.00258819037117064
			vertex -0.009659258648753166 0.00930000003427267 0.00258819037117064
		endloop
	endfacet
	facet normal -0.9914449153040619 0 0.13052578257846845
		outer loop
			vertex -0.009961946867406368 -0.00930000003427267 0.0008715574513189495
			vertex -0.009848077781498432 0.00930000003427267 0.0017364817904308438
			vertex -0.009961946867406368 0.00930000003427267 0.0008715574513189495
		endloop
	endfacet
	facet normal -0.9914449153040619 0 0.13052578257846845
		outer loop
			vertex -0.009961946867406368 -0.00930000003427267 0.0008715574513189495
			vertex -0.009848077781498432 -0.00930000003427267 0.0017364817904308438
			vertex -0.009848077781498432 0.00930000003427267 0.0017364817904308438
		endloop
	endfacet
	facet normal -0.9990482271289305 0 0.04361926031629823
		outer loop
			vertex -0.009999999776482582 -0.00930000003427267 1.9600539268450297e-17
			vertex -0.009961946867406368 0.00930000003427267 0.0008715574513189495
			vertex -0.009999999776482582 0.00930000003427267 1.9600539268450297e-17
		endloop
	endfacet
	facet normal -0.9990482271289305 0 0.04361926031629823
		outer loop
			vertex -0.009999999776482582 -0.00930000003427267 1.9600539268450297e-17
			vertex -0.009961946867406368 -0.00930000003427267 0.0008715574513189495
			vertex -0.009961946867406368 0.00930000003427267 0.0008715574513189495
		endloop
	endfacet
	facet normal -0.9990482271289306 0 -0.04361926031629627
		outer loop
			vertex -0.009961946867406368 -0.00930000003427267 -0.0008715574513189495
			vertex -0.009999999776482582 0.00930000003427267 1.9600539268450297e-17
			vertex -0.009961946867406368 0.00930000003427267 -0.0008715574513189495
		endloop
	endfacet
	facet normal -0.9990482271289306 0 -0.04361926031629627
		outer loop
			vertex -0.009961946867406368 -0.00930000003427267 -0.0008715574513189495
			vertex -0.009999999776482582 -0.00930000003427267 1.9600539268450297e-17
			vertex -0.009999999776482582 0.00930000003427267 1.9600539268450297e-17
		endloop
	endfacet
	facet normal -0.9914449153040619 0 -0.13052578257846845
		outer loop
			vertex -0.009848077781498432 -0.00930000003427267 -0.0017364817904308438
			vertex -0.009961946867406368 0.00930000003427267 -0.0008715574513189495
			vertex -0.009848077781498432 0.00930000003427267 -0.0017364817904308438
		endloop
	endfacet
	facet normal -0.9914449153040619 0 -0.13052578257846845
		outer loop
			vertex -0.009848077781498432 -0.00930000003427267 -0.0017364817904308438
			vertex -0.009961946867406368 -0.00930000003427267 -0.0008715574513189495
			vertex -0.009961946867406368 0.00930000003427267 -0.0008715574513189495
		endloop
	endfacet
	facet normal -0.9762960346679979 0 -0.21643948967677695
		outer loop
			vertex -0.009659258648753166 -0.00930000003427267 -0.00258819037117064
			vertex -0.009848077781498432 0.00930000003427267 -0.0017364817904308438
			vertex -0.009659258648753166 0.00930000003427267 -0.00258819037117064
		endloop
	endfacet
	facet normal -0.9762960346679979 0 -0.21643948967677695
		outer loop
			vertex -0.009659258648753166 -0.00930000003427267 -0.00258819037117064
			vertex -0.009848077781498432 -0.00930000003427267 -0.0017364817904308438
			vertex -0.009848077781498432 0.00930000003427267 -0.0017364817904308438
		endloop
	endfacet
	facet normal -0.9537169209056154 0 -0.3007058941529286
		outer loop
			vertex -0.009396926499903202 -0.00930000003427267 -0.003420201363041997
			vertex -0.009659258648753166 0.00930000003427267 -0.00258819037117064
			vertex -0.009396926499903202 0.00930000003427267 -0.003420201363041997
		endloop
	endfacet
	facet normal -0.9537169209056154 0 -0.3007058941529286
		outer loop
			vertex -0.009396926499903202 -0.00930000003427267 -0.003420201363041997
			vertex -0.009659258648753166 -0.00930000003427267 -0.00258819037117064
			vertex -0.009659258648753166 0.00930000003427267 -0.00258819037117064
		endloop
	endfacet
	facet normal -0.9238795101447979 0 -0.38268348636256655
		outer loop
			vertex -0.009063078090548515 -0.00930000003427267 -0.004226182587444782
			vertex -0.009396926499903202 0.00930000003427267 -0.003420201363041997
			vertex -0.009063078090548515 0.00930000003427267 -0.004226182587444782
		endloop
	endfacet
	facet normal -0.9238795101447979 0 -0.38268348636256655
		outer loop
			vertex -0.009063078090548515 -0.00930000003427267 -0.004226182587444782
			vertex -0.009396926499903202 -0.00930000003427267 -0.003420201363041997
			vertex -0.009396926499903202 0.00930000003427267 -0.003420201363041997
		endloop
	endfacet
	facet normal -0.8870107242877076 0 -0.46174882241170545
		outer loop
			vertex -0.008660254068672657 -0.00930000003427267 -0.004999999888241291
			vertex -0.009063078090548515 0.00930000003427267 -0.004226182587444782
			vertex -0.008660254068672657 0.00930000003427267 -0.004999999888241291
		endloop
	endfacet
	facet normal -0.8870107242877076 0 -0.46174882241170545
		outer loop
			vertex -0.008660254068672657 -0.00930000003427267 -0.004999999888241291
			vertex -0.009063078090548515 -0.00930000003427267 -0.004226182587444782
			vertex -0.009063078090548515 0.00930000003427267 -0.004226182587444782
		endloop
	endfacet
	facet normal -0.843391389944273 0 -0.5372996960429693
		outer loop
			vertex -0.008191520348191261 -0.00930000003427267 -0.005735764279961586
			vertex -0.008660254068672657 0.00930000003427267 -0.004999999888241291
			vertex -0.008191520348191261 0.00930000003427267 -0.005735764279961586
		endloop
	endfacet
	facet normal -0.843391389944273 0 -0.5372996960429693
		outer loop
			vertex -0.008191520348191261 -0.00930000003427267 -0.005735764279961586
			vertex -0.008660254068672657 -0.00930000003427267 -0.004999999888241291
			vertex -0.008660254068672657 0.00930000003427267 -0.004999999888241291
		endloop
	endfacet
	facet normal -0.7933534266283178 0 -0.6087613164920275
		outer loop
			vertex -0.007660444360226393 -0.00930000003427267 -0.0064278761856257915
			vertex -0.008191520348191261 0.00930000003427267 -0.005735764279961586
			vertex -0.007660444360226393 0.00930000003427267 -0.0064278761856257915
		endloop
	endfacet
	facet normal -0.7933534266283178 0 -0.6087613164920275
		outer loop
			vertex -0.007660444360226393 -0.00930000003427267 -0.0064278761856257915
			vertex -0.008191520348191261 -0.00930000003427267 -0.005735764279961586
			vertex -0.008191520348191261 0.00930000003427267 -0.005735764279961586
		endloop
	endfacet
	facet normal -0.7372770761992049 0 -0.6755904920224617
		outer loop
			vertex -0.007071067579090595 -0.00930000003427267 -0.007071067579090595
			vertex -0.007660444360226393 0.00930000003427267 -0.0064278761856257915
			vertex -0.007071067579090595 0.00930000003427267 -0.007071067579090595
		endloop
	endfacet
	facet normal -0.7372770761992049 0 -0.6755904920224617
		outer loop
			vertex -0.007071067579090595 -0.00930000003427267 -0.007071067579090595
			vertex -0.007660444360226393 -0.00930000003427267 -0.0064278761856257915
			vertex -0.007660444360226393 0.00930000003427267 -0.0064278761856257915
		endloop
	endfacet
	facet normal -0.6755904920224617 0 -0.7372770761992049
		outer loop
			vertex -0.0064278761856257915 -0.00930000003427267 -0.007660444360226393
			vertex -0.007071067579090595 0.00930000003427267 -0.007071067579090595
			vertex -0.0064278761856257915 0.00930000003427267 -0.007660444360226393
		endloop
	endfacet
	facet normal -0.6755904920224617 0 -0.7372770761992049
		outer loop
			vertex -0.0064278761856257915 -0.00930000003427267 -0.007660444360226393
			vertex -0.007071067579090595 -0.00930000003427267 -0.007071067579090595
			vertex -0.007071067579090595 0.00930000003427267 -0.007071067579090595
		endloop
	endfacet
	facet normal -0.6087613164920275 0 -0.7933534266283178
		outer loop
			vertex -0.005735764279961586 -0.00930000003427267 -0.008191520348191261
			vertex -0.0064278761856257915 0.00930000003427267 -0.007660444360226393
			vertex -0.005735764279961586 0.00930000003427267 -0.008191520348191261
		endloop
	endfacet
	facet normal -0.6087613164920275 0 -0.7933534266283178
		outer loop
			vertex -0.005735764279961586 -0.00930000003427267 -0.008191520348191261
			vertex -0.0064278761856257915 -0.00930000003427267 -0.007660444360226393
			vertex -0.0064278761856257915 0.00930000003427267 -0.007660444360226393
		endloop
	endfacet
	facet normal -0.5372996960429693 0 -0.843391389944273
		outer loop
			vertex -0.004999999888241291 -0.00930000003427267 -0.008660254068672657
			vertex -0.005735764279961586 0.00930000003427267 -0.008191520348191261
			vertex -0.004999999888241291 0.00930000003427267 -0.008660254068672657
		endloop
	endfacet
	facet normal -0.5372996960429693 0 -0.843391389944273
		outer loop
			vertex -0.004999999888241291 -0.00930000003427267 -0.008660254068672657
			vertex -0.005735764279961586 -0.00930000003427267 -0.008191520348191261
			vertex -0.005735764279961586 0.00930000003427267 -0.008191520348191261
		endloop
	endfacet
	facet normal -0.46174882241170545 0 -0.8870107242877076
		outer loop
			vertex -0.004226182587444782 -0.00930000003427267 -0.009063078090548515
			vertex -0.004999999888241291 0.00930000003427267 -0.008660254068672657
			vertex -0.004226182587444782 0.00930000003427267 -0.009063078090548515
		endloop
	endfacet
	facet normal -0.46174882241170545 0 -0.8870107242877076
		outer loop
			vertex -0.004226182587444782 -0.00930000003427267 -0.009063078090548515
			vertex -0.004999999888241291 -0.00930000003427267 -0.008660254068672657
			vertex -0.004999999888241291 0.00930000003427267 -0.008660254068672657
		endloop
	endfacet
	facet normal -0.38268348636256655 0 -0.9238795101447979
		outer loop
			vertex -0.003420201363041997 -0.00930000003427267 -0.009396926499903202
			vertex -0.004226182587444782 -0.00930000003427267 -0.009063078090548515
			vertex -0.004226182587444782 0.00930000003427267 -0.009063078090548515
		endloop
	endfacet
	facet normal -0.38268348636256655 0 -0.9238795101447979
		outer loop
			vertex -0.003420201363041997 -0.00930000003427267 -0.009396926499903202
			vertex -0.004226182587444782 0.00930000003427267 -0.009063078090548515
			vertex -0.003420201363041997 0.00930000003427267 -0.009396926499903202
		endloop
	endfacet
	facet normal -0.3007058941529286 0 -0.9537169209056154
		outer loop
			vertex -0.00258819037117064 -0.00930000003427267 -0.009659258648753166
			vertex -0.003420201363041997 -0.00930000003427267 -0.009396926499903202
			vertex -0.003420201363041997 0.00930000003427267 -0.009396926499903202
		endloop
	endfacet
	facet normal -0.3007058941529286 0 -0.9537169209056154
		outer loop
			vertex -0.00258819037117064 -0.00930000003427267 -0.009659258648753166
			vertex -0.003420201363041997 0.00930000003427267 -0.009396926499903202
			vertex -0.00258819037117064 0.00930000003427267 -0.009659258648753166
		endloop
	endfacet
	facet normal -0.21643948967677695 0 -0.9762960346679979
		outer loop
			vertex -0.0017364817904308438 -0.00930000003427267 -0.009848077781498432
			vertex -0.00258819037117064 -0.00930000003427267 -0.009659258648753166
			vertex -0.00258819037117064 0.00930000003427267 -0.009659258648753166
		endloop
	endfacet
	facet normal -0.21643948967677695 0 -0.9762960346679979
		outer loop
			vertex -0.0017364817904308438 -0.00930000003427267 -0.009848077781498432
			vertex -0.00258819037117064 0.00930000003427267 -0.009659258648753166
			vertex -0.0017364817904308438 0.00930000003427267 -0.009848077781498432
		endloop
	endfacet
	facet normal -0.13052578257846845 0 -0.9914449153040619
		outer loop
			vertex -0.0017364817904308438 -0.00930000003427267 -0.009848077781498432
			vertex -0.0017364817904308438 0.00930000003427267 -0.009848077781498432
			vertex -0.0008715574513189495 0.00930000003427267 -0.009961946867406368
		endloop
	endfacet
	facet normal -0.13052578257846845 0 -0.9914449153040619
		outer loop
			vertex -0.0008715574513189495 -0.00930000003427267 -0.009961946867406368
			vertex -0.0017364817904308438 -0.00930000003427267 -0.009848077781498432
			vertex -0.0008715574513189495 0.00930000003427267 -0.009961946867406368
		endloop
	endfacet
	facet normal -0.04361926031629719 0 -0.9990482271289306
		outer loop
			vertex 1.224646790546622e-18 -0.00930000003427267 -0.009999999776482582
			vertex -0.0008715574513189495 -0.00930000003427267 -0.009961946867406368
			vertex -0.0008715574513189495 0.00930000003427267 -0.009961946867406368
		endloop
	endfacet
	facet normal -0.04361926031629725 -2.8547354052803763e-18 -0.9990482271289305
		outer loop
			vertex 1.224646790546622e-18 -0.00930000003427267 -0.009999999776482582
			vertex -0.0008715574513189495 0.00930000003427267 -0.009961946867406368
			vertex 0 0.00930000003427267 -0.009999999776482582
		endloop
	endfacet
	facet normal -0.03085815624212191 0.7067700383410919 0.7067700383410919
		outer loop
			vertex -0.0008715574513189495 0.00930000003427267 0.009961946867406368
			vertex 1.224646790546622e-18 0.00930000003427267 0.009999999776482582
			vertex 1.2124003815777743e-18 0.009499999694526196 0.009800000116229057
		endloop
	endfacet
	facet normal -0.030858281908912478 0.7067703384884226 0.7067697327069055
		outer loop
			vertex -0.0008715574513189495 0.00930000003427267 0.009961946867406368
			vertex 1.2124003815777743e-18 0.009499999694526196 0.009800000116229057
			vertex -0.0008541262941434979 0.009499999694526196 0.009762708097696304
		endloop
	endfacet
	facet normal -0.092339728577135 0.706770865772999 0.701390274968784
		outer loop
			vertex -0.0017364817904308438 0.00930000003427267 0.009848077781498432
			vertex -0.0008541262941434979 0.009499999694526196 0.009762708097696304
			vertex -0.0017017521895468235 0.009499999694526196 0.009651116095483303
		endloop
	endfacet
	facet normal -0.09233955837861157 0.7067703474156914 0.7013908197092017
		outer loop
			vertex -0.0017364817904308438 0.00930000003427267 0.009848077781498432
			vertex -0.0008715574513189495 0.00930000003427267 0.009961946867406368
			vertex -0.0008541262941434979 0.009499999694526196 0.009762708097696304
		endloop
	endfacet
	facet normal -0.1531184555007127 0.7067706584700214 0.6906735661011856
		outer loop
			vertex -0.00258819037117064 0.00930000003427267 0.009659258648753166
			vertex -0.0017017521895468235 0.009499999694526196 0.009651116095483303
			vertex -0.002536426531150937 0.009499999694526196 0.009466073475778103
		endloop
	endfacet
	facet normal -0.1531185029570832 0.7067708599823893 0.6906733493714201
		outer loop
			vertex -0.00258819037117064 0.00930000003427267 0.009659258648753166
			vertex -0.0017364817904308438 0.00930000003427267 0.009848077781498432
			vertex -0.0017017521895468235 0.009499999694526196 0.009651116095483303
		endloop
	endfacet
	facet normal -0.21273231822207186 0.7067714979734742 0.6746991999670628
		outer loop
			vertex -0.003420201363041997 0.00930000003427267 0.009396926499903202
			vertex -0.002536426531150937 0.009499999694526196 0.009466073475778103
			vertex -0.0033517973497509956 0.009499999694526196 0.009208987466990948
		endloop
	endfacet
	facet normal -0.21273220091948886 0.7067706652543743 0.6747001092543558
		outer loop
			vertex -0.003420201363041997 0.00930000003427267 0.009396926499903202
			vertex -0.00258819037117064 0.00930000003427267 0.009659258648753166
			vertex -0.002536426531150937 0.009499999694526196 0.009466073475778103
		endloop
	endfacet
	facet normal -0.2707263023317179 0.7067704010174107 0.6535922807618552
		outer loop
			vertex -0.004226182587444782 0.00930000003427267 0.009063078090548515
			vertex -0.0033517973497509956 0.009499999694526196 0.009208987466990948
			vertex -0.004141659010201693 0.009499999694526196 0.008881816640496254
		endloop
	endfacet
	facet normal -0.2707263500681625 0.7067714580231638 0.6535911179801805
		outer loop
			vertex -0.004226182587444782 0.00930000003427267 0.009063078090548515
			vertex -0.003420201363041997 0.00930000003427267 0.009396926499903202
			vertex -0.0033517973497509956 0.009499999694526196 0.009208987466990948
		endloop
	endfacet
	facet normal -0.32666093192270634 0.7067711835991762 0.6275086689355044
		outer loop
			vertex -0.004999999888241291 0.00930000003427267 0.008660254068672657
			vertex -0.004141659010201693 0.009499999694526196 0.008881816640496254
			vertex -0.004900000058114529 0.009499999694526196 0.00848704855889082
		endloop
	endfacet
	facet normal -0.32666097161325847 0.7067704036442052 0.6275095267462394
		outer loop
			vertex -0.004999999888241291 0.00930000003427267 0.008660254068672657
			vertex -0.004226182587444782 0.00930000003427267 0.009063078090548515
			vertex -0.004141659010201693 0.009499999694526196 0.008881816640496254
		endloop
	endfacet
	facet normal -0.3801085265691492 0.7067711146246738 0.5966507349879213
		outer loop
			vertex -0.005735764279961586 0.00930000003427267 0.008191520348191261
			vertex -0.004999999888241291 0.00930000003427267 0.008660254068672657
			vertex -0.004900000058114529 0.009499999694526196 0.00848704855889082
		endloop
	endfacet
	facet normal -0.38010872605231644 0.7067697534220583 0.5966522203315832
		outer loop
			vertex -0.005735764279961586 0.00930000003427267 0.008191520348191261
			vertex -0.004900000058114529 0.009499999694526196 0.00848704855889082
			vertex -0.005621049087494612 0.009499999694526196 0.008027690462768078
		endloop
	endfacet
	facet normal -0.430664297114694 0.7067698021300275 0.5612528039910254
		outer loop
			vertex -0.0064278761856257915 0.00930000003427267 0.007660444360226393
			vertex -0.005735764279961586 0.00930000003427267 0.008191520348191261
			vertex -0.005621049087494612 0.009499999694526196 0.008027690462768078
		endloop
	endfacet
	facet normal -0.4306642086548448 0.7067701690369816 0.5612524098328066
		outer loop
			vertex -0.0064278761856257915 0.00930000003427267 0.007660444360226393
			vertex -0.005621049087494612 0.009499999694526196 0.008027690462768078
			vertex -0.0062993187457323074 0.009499999694526196 0.0075072357431054115
		endloop
	endfacet
	facet normal -0.47794191537985303 0.706770178809743 0.5215816713308485
		outer loop
			vertex -0.007071067579090595 0.00930000003427267 0.007071067579090595
			vertex -0.0064278761856257915 0.00930000003427267 0.007660444360226393
			vertex -0.0062993187457323074 0.009499999694526196 0.0075072357431054115
		endloop
	endfacet
	facet normal -0.4779417784131089 0.7067705891250633 0.5215812408389761
		outer loop
			vertex -0.007071067579090595 0.00930000003427267 0.007071067579090595
			vertex -0.0062993187457323074 0.009499999694526196 0.0075072357431054115
			vertex -0.006929646246135235 0.009499999694526196 0.006929646246135235
		endloop
	endfacet
	facet normal -0.5215815461201565 0.7067701746651488 0.47794205815213875
		outer loop
			vertex -0.007660444360226393 0.00930000003427267 0.0064278761856257915
			vertex -0.006929646246135235 0.009499999694526196 0.006929646246135235
			vertex -0.0075072357431054115 0.009499999694526196 0.0062993187457323074
		endloop
	endfacet
	facet normal -0.5215813721551755 0.7067705849805171 0.47794164123564503
		outer loop
			vertex -0.007660444360226393 0.00930000003427267 0.0064278761856257915
			vertex -0.007071067579090595 0.00930000003427267 0.007071067579090595
			vertex -0.006929646246135235 0.009499999694526196 0.006929646246135235
		endloop
	endfacet
	facet normal -0.5612527035799387 0.7067697984240007 0.4306644340549927
		outer loop
			vertex -0.008191520348191261 0.00930000003427267 0.005735764279961586
			vertex -0.0075072357431054115 0.009499999694526196 0.0062993187457323074
			vertex -0.008027690462768078 0.009499999694526196 0.005621049087494612
		endloop
	endfacet
	facet normal -0.561252516118734 0.7067701653308108 0.43066407622258057
		outer loop
			vertex -0.008191520348191261 0.00930000003427267 0.005735764279961586
			vertex -0.007660444360226393 0.00930000003427267 0.0064278761856257915
			vertex -0.0075072357431054115 0.009499999694526196 0.0062993187457323074
		endloop
	endfacet
	facet normal -0.5966510618101364 0.7067711283746403 0.3801079879940368
		outer loop
			vertex -0.008660254068672657 0.00930000003427267 0.004999999888241291
			vertex -0.008027690462768078 0.009499999694526196 0.005621049087494612
			vertex -0.00848704855889082 0.009499999694526196 0.004900000058114529
		endloop
	endfacet
	facet normal -0.596651870337534 0.706769767172047 0.380109249866789
		outer loop
			vertex -0.008660254068672657 0.00930000003427267 0.004999999888241291
			vertex -0.008191520348191261 0.00930000003427267 0.005735764279961586
			vertex -0.008027690462768078 0.009499999694526196 0.005621049087494612
		endloop
	endfacet
	facet normal -0.6275093670883817 0.7067703957657542 0.32666129535875243
		outer loop
			vertex -0.009063078090548515 0.00930000003427267 0.004226182587444782
			vertex -0.00848704855889082 0.009499999694526196 0.004900000058114529
			vertex -0.008881816640496254 0.009499999694526196 0.004141659010201693
		endloop
	endfacet
	facet normal -0.6275088425559723 0.7067711757212588 0.32666061544614405
		outer loop
			vertex -0.009063078090548515 0.00930000003427267 0.004226182587444782
			vertex -0.008660254068672657 0.00930000003427267 0.004999999888241291
			vertex -0.00848704855889082 0.009499999694526196 0.004900000058114529
		endloop
	endfacet
	facet normal -0.653591295287706 0.706771468700152 0.27072589413569065
		outer loop
			vertex -0.009396926499903202 0.00930000003427267 0.003420201363041997
			vertex -0.008881816640496254 0.009499999694526196 0.004141659010201693
			vertex -0.009208987466990948 0.009499999694526196 0.0033517973497509956
		endloop
	endfacet
	facet normal -0.6535920837443677 0.7067704116942969 0.270726750100853
		outer loop
			vertex -0.009396926499903202 0.00930000003427267 0.003420201363041997
			vertex -0.009063078090548515 0.00930000003427267 0.004226182587444782
			vertex -0.008881816640496254 0.009499999694526196 0.004141659010201693
		endloop
	endfacet
	facet normal -0.6747000014061234 0.7067706568430099 0.21273257091540437
		outer loop
			vertex -0.009659258648753166 0.00930000003427267 0.00258819037117064
			vertex -0.009208987466990948 0.009499999694526196 0.0033517973497509956
			vertex -0.009466073475778103 0.009499999694526196 0.002536426531150937
		endloop
	endfacet
	facet normal -0.6746993238437617 0.706771489562418 0.2127319532803941
		outer loop
			vertex -0.009659258648753166 0.00930000003427267 0.00258819037117064
			vertex -0.009396926499903202 0.00930000003427267 0.003420201363041997
			vertex -0.009208987466990948 0.009499999694526196 0.0033517973497509956
		endloop
	endfacet
	facet normal -0.6906733675669534 0.706770862017873 0.15311841148678704
		outer loop
			vertex -0.009848077781498432 0.00930000003427267 0.0017364817904308438
			vertex -0.009466073475778103 0.009499999694526196 0.002536426531150937
			vertex -0.009651116095483303 0.009499999694526196 0.0017017521895468235
		endloop
	endfacet
	facet normal -0.6906735439349406 0.7067706605055167 0.15311854609075126
		outer loop
			vertex -0.009848077781498432 0.00930000003427267 0.0017364817904308438
			vertex -0.009659258648753166 0.00930000003427267 0.00258819037117064
			vertex -0.009466073475778103 0.009499999694526196 0.002536426531150937
		endloop
	endfacet
	facet normal -0.7013907935893255 0.7067703421798011 0.09233979685478548
		outer loop
			vertex -0.009961946867406368 0.00930000003427267 0.0008715574513189495
			vertex -0.009651116095483303 0.009499999694526196 0.0017017521895468235
			vertex -0.009762708097696304 0.009499999694526196 0.0008541262941434979
		endloop
	endfacet
	facet normal -0.7013903114609998 0.7067708605370745 0.09233949146668004
		outer loop
			vertex -0.009961946867406368 0.00930000003427267 0.0008715574513189495
			vertex -0.009848077781498432 0.00930000003427267 0.0017364817904308438
			vertex -0.009651116095483303 0.009499999694526196 0.0017017521895468235
		endloop
	endfacet
	facet normal -0.7067700353093059 0.706770035309306 0.030858295120840307
		outer loop
			vertex -0.009999999776482582 0.00930000003427267 1.9600539268450297e-17
			vertex -0.009762708097696304 0.009499999694526196 0.0008541262941434979
			vertex -0.009800000116229057 0.009499999694526196 1.9208528449994067e-17
		endloop
	endfacet
	facet normal -0.7067697417907371 0.7067703354566258 0.030858143294492317
		outer loop
			vertex -0.009999999776482582 0.00930000003427267 1.9600539268450297e-17
			vertex -0.009961946867406368 0.00930000003427267 0.0008715574513189495
			vertex -0.009762708097696304 0.009499999694526196 0.0008541262941434979
		endloop
	endfacet
	facet normal -0.7067697327069056 0.7067703384884226 -0.030858281908911836
		outer loop
			vertex -0.009961946867406368 0.00930000003427267 -0.0008715574513189495
			vertex -0.009800000116229057 0.009499999694526196 1.9208528449994067e-17
			vertex -0.009762708097696304 0.009499999694526196 -0.0008541262941434979
		endloop
	endfacet
	facet normal -0.7067700383410919 0.7067700383410918 -0.030858156242121255
		outer loop
			vertex -0.009961946867406368 0.00930000003427267 -0.0008715574513189495
			vertex -0.009999999776482582 0.00930000003427267 1.9600539268450297e-17
			vertex -0.009800000116229057 0.009499999694526196 1.9208528449994067e-17
		endloop
	endfacet
	facet normal -0.7013902749687841 0.7067708657729991 -0.09233972857713502
		outer loop
			vertex -0.009848077781498432 0.00930000003427267 -0.0017364817904308438
			vertex -0.009762708097696304 0.009499999694526196 -0.0008541262941434979
			vertex -0.009651116095483303 0.009499999694526196 -0.0017017521895468235
		endloop
	endfacet
	facet normal -0.7013908197092017 0.7067703474156914 -0.09233955837861157
		outer loop
			vertex -0.009848077781498432 0.00930000003427267 -0.0017364817904308438
			vertex -0.009961946867406368 0.00930000003427267 -0.0008715574513189495
			vertex -0.009762708097696304 0.009499999694526196 -0.0008541262941434979
		endloop
	endfacet
	facet normal -0.6906735661011856 0.7067706584700214 -0.1531184555007127
		outer loop
			vertex -0.009659258648753166 0.00930000003427267 -0.00258819037117064
			vertex -0.009651116095483303 0.009499999694526196 -0.0017017521895468235
			vertex -0.009466073475778103 0.009499999694526196 -0.002536426531150937
		endloop
	endfacet
	facet normal -0.69067334937142 0.7067708599823892 -0.1531185029570832
		outer loop
			vertex -0.009659258648753166 0.00930000003427267 -0.00258819037117064
			vertex -0.009848077781498432 0.00930000003427267 -0.0017364817904308438
			vertex -0.009651116095483303 0.009499999694526196 -0.0017017521895468235
		endloop
	endfacet
	facet normal -0.6746991999670628 0.7067714979734742 -0.21273231822207186
		outer loop
			vertex -0.009396926499903202 0.00930000003427267 -0.003420201363041997
			vertex -0.009466073475778103 0.009499999694526196 -0.002536426531150937
			vertex -0.009208987466990948 0.009499999694526196 -0.0033517973497509956
		endloop
	endfacet
	facet normal -0.6747001092543558 0.7067706652543743 -0.21273220091948886
		outer loop
			vertex -0.009396926499903202 0.00930000003427267 -0.003420201363041997
			vertex -0.009659258648753166 0.00930000003427267 -0.00258819037117064
			vertex -0.009466073475778103 0.009499999694526196 -0.002536426531150937
		endloop
	endfacet
	facet normal -0.6535922807618552 0.7067704010174107 -0.2707263023317179
		outer loop
			vertex -0.009063078090548515 0.00930000003427267 -0.004226182587444782
			vertex -0.009208987466990948 0.009499999694526196 -0.0033517973497509956
			vertex -0.008881816640496254 0.009499999694526196 -0.004141659010201693
		endloop
	endfacet
	facet normal -0.6535911179801805 0.7067714580231638 -0.2707263500681625
		outer loop
			vertex -0.009063078090548515 0.00930000003427267 -0.004226182587444782
			vertex -0.009396926499903202 0.00930000003427267 -0.003420201363041997
			vertex -0.009208987466990948 0.009499999694526196 -0.0033517973497509956
		endloop
	endfacet
	facet normal -0.6275086689355044 0.7067711835991762 -0.32666093192270634
		outer loop
			vertex -0.008660254068672657 0.00930000003427267 -0.004999999888241291
			vertex -0.008881816640496254 0.009499999694526196 -0.004141659010201693
			vertex -0.00848704855889082 0.009499999694526196 -0.004900000058114529
		endloop
	endfacet
	facet normal -0.6275095267462395 0.7067704036442053 -0.32666097161325847
		outer loop
			vertex -0.008660254068672657 0.00930000003427267 -0.004999999888241291
			vertex -0.009063078090548515 0.00930000003427267 -0.004226182587444782
			vertex -0.008881816640496254 0.009499999694526196 -0.004141659010201693
		endloop
	endfacet
	facet normal -0.5966522203315832 0.7067697534220583 -0.38010872605231644
		outer loop
			vertex -0.008191520348191261 0.00930000003427267 -0.005735764279961586
			vertex -0.00848704855889082 0.009499999694526196 -0.004900000058114529
			vertex -0.008027690462768078 0.009499999694526196 -0.005621049087494612
		endloop
	endfacet
	facet normal -0.5966507349879213 0.7067711146246738 -0.3801085265691492
		outer loop
			vertex -0.008191520348191261 0.00930000003427267 -0.005735764279961586
			vertex -0.008660254068672657 0.00930000003427267 -0.004999999888241291
			vertex -0.00848704855889082 0.009499999694526196 -0.004900000058114529
		endloop
	endfacet
	facet normal -0.5612524098328066 0.7067701690369816 -0.4306642086548448
		outer loop
			vertex -0.007660444360226393 0.00930000003427267 -0.0064278761856257915
			vertex -0.008027690462768078 0.009499999694526196 -0.005621049087494612
			vertex -0.0075072357431054115 0.009499999694526196 -0.0062993187457323074
		endloop
	endfacet
	facet normal -0.5612528039910255 0.7067698021300276 -0.4306642971146941
		outer loop
			vertex -0.007660444360226393 0.00930000003427267 -0.0064278761856257915
			vertex -0.008191520348191261 0.00930000003427267 -0.005735764279961586
			vertex -0.008027690462768078 0.009499999694526196 -0.005621049087494612
		endloop
	endfacet
	facet normal -0.521581240838976 0.7067705891250632 -0.4779417784131088
		outer loop
			vertex -0.007071067579090595 0.00930000003427267 -0.007071067579090595
			vertex -0.0075072357431054115 0.009499999694526196 -0.0062993187457323074
			vertex -0.006929646246135235 0.009499999694526196 -0.006929646246135235
		endloop
	endfacet
	facet normal -0.5215816713308485 0.706770178809743 -0.47794191537985303
		outer loop
			vertex -0.007071067579090595 0.00930000003427267 -0.007071067579090595
			vertex -0.007660444360226393 0.00930000003427267 -0.0064278761856257915
			vertex -0.0075072357431054115 0.009499999694526196 -0.0062993187457323074
		endloop
	endfacet
	facet normal -0.47794205815213864 0.7067701746651487 -0.5215815461201564
		outer loop
			vertex -0.0064278761856257915 0.00930000003427267 -0.007660444360226393
			vertex -0.006929646246135235 0.009499999694526196 -0.006929646246135235
			vertex -0.0062993187457323074 0.009499999694526196 -0.0075072357431054115
		endloop
	endfacet
	facet normal -0.47794164123564503 0.7067705849805171 -0.5215813721551755
		outer loop
			vertex -0.0064278761856257915 0.00930000003427267 -0.007660444360226393
			vertex -0.007071067579090595 0.00930000003427267 -0.007071067579090595
			vertex -0.006929646246135235 0.009499999694526196 -0.006929646246135235
		endloop
	endfacet
	facet normal -0.4306644340549926 0.7067697984240006 -0.5612527035799386
		outer loop
			vertex -0.005735764279961586 0.00930000003427267 -0.008191520348191261
			vertex -0.0062993187457323074 0.009499999694526196 -0.0075072357431054115
			vertex -0.005621049087494612 0.009499999694526196 -0.008027690462768078
		endloop
	endfacet
	facet normal -0.43066407622258057 0.7067701653308108 -0.561252516118734
		outer loop
			vertex -0.005735764279961586 0.00930000003427267 -0.008191520348191261
			vertex -0.0064278761856257915 0.00930000003427267 -0.007660444360226393
			vertex -0.0062993187457323074 0.009499999694526196 -0.0075072357431054115
		endloop
	endfacet
	facet normal -0.38010798799403683 0.7067711283746402 -0.5966510618101363
		outer loop
			vertex -0.004999999888241291 0.00930000003427267 -0.008660254068672657
			vertex -0.005621049087494612 0.009499999694526196 -0.008027690462768078
			vertex -0.004900000058114529 0.009499999694526196 -0.00848704855889082
		endloop
	endfacet
	facet normal -0.380109249866789 0.706769767172047 -0.596651870337534
		outer loop
			vertex -0.004999999888241291 0.00930000003427267 -0.008660254068672657
			vertex -0.005735764279961586 0.00930000003427267 -0.008191520348191261
			vertex -0.005621049087494612 0.009499999694526196 -0.008027690462768078
		endloop
	endfacet
	facet normal -0.3266612953587524 0.7067703957657541 -0.6275093670883817
		outer loop
			vertex -0.004226182587444782 0.00930000003427267 -0.009063078090548515
			vertex -0.004900000058114529 0.009499999694526196 -0.00848704855889082
			vertex -0.004141659010201693 0.009499999694526196 -0.008881816640496254
		endloop
	endfacet
	facet normal -0.32666061544614405 0.7067711757212588 -0.6275088425559723
		outer loop
			vertex -0.004226182587444782 0.00930000003427267 -0.009063078090548515
			vertex -0.004999999888241291 0.00930000003427267 -0.008660254068672657
			vertex -0.004900000058114529 0.009499999694526196 -0.00848704855889082
		endloop
	endfacet
	facet normal -0.270726750100853 0.7067704116942969 -0.6535920837443677
		outer loop
			vertex -0.003420201363041997 0.00930000003427267 -0.009396926499903202
			vertex -0.004226182587444782 0.00930000003427267 -0.009063078090548515
			vertex -0.004141659010201693 0.009499999694526196 -0.008881816640496254
		endloop
	endfacet
	facet normal -0.2707258941356906 0.7067714687001518 -0.6535912952877059
		outer loop
			vertex -0.003420201363041997 0.00930000003427267 -0.009396926499903202
			vertex -0.004141659010201693 0.009499999694526196 -0.008881816640496254
			vertex -0.0033517973497509956 0.009499999694526196 -0.009208987466990948
		endloop
	endfacet
	facet normal -0.2127319532803941 0.706771489562418 -0.6746993238437617
		outer loop
			vertex -0.00258819037117064 0.00930000003427267 -0.009659258648753166
			vertex -0.003420201363041997 0.00930000003427267 -0.009396926499903202
			vertex -0.0033517973497509956 0.009499999694526196 -0.009208987466990948
		endloop
	endfacet
	facet normal -0.21273257091540437 0.7067706568430099 -0.6747000014061234
		outer loop
			vertex -0.00258819037117064 0.00930000003427267 -0.009659258648753166
			vertex -0.0033517973497509956 0.009499999694526196 -0.009208987466990948
			vertex -0.002536426531150937 0.009499999694526196 -0.009466073475778103
		endloop
	endfacet
	facet normal -0.15311854609075126 0.7067706605055167 -0.6906735439349406
		outer loop
			vertex -0.0017364817904308438 0.00930000003427267 -0.009848077781498432
			vertex -0.00258819037117064 0.00930000003427267 -0.009659258648753166
			vertex -0.002536426531150937 0.009499999694526196 -0.009466073475778103
		endloop
	endfacet
	facet normal -0.15311841148678704 0.706770862017873 -0.6906733675669534
		outer loop
			vertex -0.0017364817904308438 0.00930000003427267 -0.009848077781498432
			vertex -0.002536426531150937 0.009499999694526196 -0.009466073475778103
			vertex -0.0017017521895468235 0.009499999694526196 -0.009651116095483303
		endloop
	endfacet
	facet normal -0.09233949146668004 0.7067708605370745 -0.7013903114609998
		outer loop
			vertex -0.0008715574513189495 0.00930000003427267 -0.009961946867406368
			vertex -0.0017364817904308438 0.00930000003427267 -0.009848077781498432
			vertex -0.0017017521895468235 0.009499999694526196 -0.009651116095483303
		endloop
	endfacet
	facet normal -0.09233979685478548 0.7067703421798011 -0.7013907935893255
		outer loop
			vertex -0.0008715574513189495 0.00930000003427267 -0.009961946867406368
			vertex -0.0017017521895468235 0.009499999694526196 -0.009651116095483303
			vertex -0.0008541262941434979 0.009499999694526196 -0.009762708097696304
		endloop
	endfacet
	facet normal -0.03085814329449163 0.7067703354566259 -0.7067697417907371
		outer loop
			vertex 0 0.00930000003427267 -0.009999999776482582
			vertex -0.0008715574513189495 0.00930000003427267 -0.009961946867406368
			vertex -0.0008541262941434979 0.009499999694526196 -0.009762708097696304
		endloop
	endfacet
	facet normal -0.030858295120839613 0.7067700353093059 -0.7067700353093059
		outer loop
			vertex 0 0.00930000003427267 -0.009999999776482582
			vertex -0.0008541262941434979 0.009499999694526196 -0.009762708097696304
			vertex 0 0.009499999694526196 -0.009800000116229057
		endloop
	endfacet
	facet normal 0 1 0
		outer loop
			vertex -0.005693151615560055 0.009499999694526196 -0.005970805883407593
			vertex -0.0062993187457323074 0.009499999694526196 -0.0075072357431054115
			vertex -0.006929646246135235 0.009499999694526196 -0.006929646246135235
		endloop
	endfacet
	facet normal 0 1 0
		outer loop
			vertex -0.006234934087842703 0.009499999694526196 -0.005402600858360529
			vertex -0.005693151615560055 0.009499999694526196 -0.005970805883407593
			vertex -0.006929646246135235 0.009499999694526196 -0.006929646246135235
		endloop
	endfacet
	facet normal 0 1 0
		outer loop
			vertex -0.006234934087842703 0.009499999694526196 -0.005402600858360529
			vertex -0.006929646246135235 0.009499999694526196 -0.006929646246135235
			vertex -0.0075072357431054115 0.009499999694526196 -0.0062993187457323074
		endloop
	endfacet
	facet normal 0 1 0
		outer loop
			vertex -0.005099811591207981 0.009499999694526196 -0.006484937854111195
			vertex -0.0062993187457323074 0.009499999694526196 -0.0075072357431054115
			vertex -0.005693151615560055 0.009499999694526196 -0.005970805883407593
		endloop
	endfacet
	facet normal 0 1 0
		outer loop
			vertex -0.005099811591207981 0.009499999694526196 -0.006484937854111195
			vertex -0.005621049087494612 0.009499999694526196 -0.008027690462768078
			vertex -0.0062993187457323074 0.009499999694526196 -0.0075072357431054115
		endloop
	endfacet
	facet normal 0 1 0
		outer loop
			vertex -0.006720251403748989 0.009499999694526196 -0.004785469733178616
			vertex -0.0075072357431054115 0.009499999694526196 -0.0062993187457323074
			vertex -0.008027690462768078 0.009499999694526196 -0.005621049087494612
		endloop
	endfacet
	facet normal 0 1 0
		outer loop
			vertex -0.006720251403748989 0.009499999694526196 -0.004785469733178616
			vertex -0.006234934087842703 0.009499999694526196 -0.005402600858360529
			vertex -0.0075072357431054115 0.009499999694526196 -0.0062993187457323074
		endloop
	endfacet
	facet normal 0 1 0
		outer loop
			vertex -0.0044602868147194386 0.009499999694526196 -0.006940341554582119
			vertex -0.004900000058114529 0.009499999694526196 -0.00848704855889082
			vertex -0.005621049087494612 0.009499999694526196 -0.008027690462768078
		endloop
	endfacet
	facet normal 0 1 0
		outer loop
			vertex -0.0044602868147194386 0.009499999694526196 -0.006940341554582119
			vertex -0.005621049087494612 0.009499999694526196 -0.008027690462768078
			vertex -0.005099811591207981 0.009499999694526196 -0.006484937854111195
		endloop
	endfacet
	facet normal 0 1 0
		outer loop
			vertex -0.007144709583371878 0.009499999694526196 -0.004124999977648258
			vertex -0.00848704855889082 0.009499999694526196 -0.004900000058114529
			vertex -0.008881816640496254 0.009499999694526196 -0.004141659010201693
		endloop
	endfacet
	facet normal 0 1 0
		outer loop
			vertex -0.007144709583371878 0.009499999694526196 -0.004124999977648258
			vertex -0.008027690462768078 0.009499999694526196 -0.005621049087494612
			vertex -0.00848704855889082 0.009499999694526196 -0.004900000058114529
		endloop
	endfacet
	facet normal 0 1 0
		outer loop
			vertex -0.007144709583371878 0.009499999694526196 -0.004124999977648258
			vertex -0.006720251403748989 0.009499999694526196 -0.004785469733178616
			vertex -0.008027690462768078 0.009499999694526196 -0.005621049087494612
		endloop
	endfacet
	facet normal 0 1 0
		outer loop
			vertex -0.0037803687155246735 0.009499999694526196 -0.007332892622798681
			vertex -0.004900000058114529 0.009499999694526196 -0.00848704855889082
			vertex -0.0044602868147194386 0.009499999694526196 -0.006940341554582119
		endloop
	endfacet
	facet normal 0 1 0
		outer loop
			vertex -0.0037803687155246735 0.009499999694526196 -0.007332892622798681
			vertex -0.004141659010201693 0.009499999694526196 -0.008881816640496254
			vertex -0.004900000058114529 0.009499999694526196 -0.00848704855889082
		endloop
	endfacet
	facet normal 0 1 0
		outer loop
			vertex -0.007504464127123356 0.009499999694526196 -0.0034271739423274994
			vertex -0.008881816640496254 0.009499999694526196 -0.004141659010201693
			vertex -0.009208987466990948 0.009499999694526196 -0.0033517973497509956
		endloop
	endfacet
	facet normal 0 1 0
		outer loop
			vertex -0.007504464127123356 0.009499999694526196 -0.0034271739423274994
			vertex -0.007144709583371878 0.009499999694526196 -0.004124999977648258
			vertex -0.008881816640496254 0.009499999694526196 -0.004141659010201693
		endloop
	endfacet
	facet normal 0 1 0
		outer loop
			vertex -0.0030662151984870434 0.009499999694526196 -0.0076590352691709995
			vertex -0.0033517973497509956 0.009499999694526196 -0.009208987466990948
			vertex -0.004141659010201693 0.009499999694526196 -0.008881816640496254
		endloop
	endfacet
	facet normal 0 1 0
		outer loop
			vertex -0.0030662151984870434 0.009499999694526196 -0.0076590352691709995
			vertex -0.004141659010201693 0.009499999694526196 -0.008881816640496254
			vertex -0.0037803687155246735 0.009499999694526196 -0.007332892622798681
		endloop
	endfacet
	facet normal 0 1 0
		outer loop
			vertex -0.0077962568029761314 0.009499999694526196 -0.002698310650885105
			vertex -0.009208987466990948 0.009499999694526196 -0.0033517973497509956
			vertex -0.009466073475778103 0.009499999694526196 -0.002536426531150937
		endloop
	endfacet
	facet normal 0 1 0
		outer loop
			vertex -0.0077962568029761314 0.009499999694526196 -0.002698310650885105
			vertex -0.007504464127123356 0.009499999694526196 -0.0034271739423274994
			vertex -0.009208987466990948 0.009499999694526196 -0.0033517973497509956
		endloop
	endfacet
	facet normal 0 1 0
		outer loop
			vertex -0.002324293600395322 0.009499999694526196 -0.007915817201137543
			vertex -0.002536426531150937 0.009499999694526196 -0.009466073475778103
			vertex -0.0033517973497509956 0.009499999694526196 -0.009208987466990948
		endloop
	endfacet
	facet normal 0 1 0
		outer loop
			vertex -0.002324293600395322 0.009499999694526196 -0.007915817201137543
			vertex -0.0033517973497509956 0.009499999694526196 -0.009208987466990948
			vertex -0.0030662151984870434 0.009499999694526196 -0.0076590352691709995
		endloop
	endfacet
	facet normal 0 1 0
		outer loop
			vertex -0.008017444983124733 0.009499999694526196 -0.0019450112013146281
			vertex -0.009466073475778103 0.009499999694526196 -0.002536426531150937
			vertex -0.009651116095483303 0.009499999694526196 -0.0017017521895468235
		endloop
	endfacet
	facet normal 0 1 0
		outer loop
			vertex -0.008017444983124733 0.009499999694526196 -0.0019450112013146281
			vertex -0.0077962568029761314 0.009499999694526196 -0.002698310650885105
			vertex -0.009466073475778103 0.009499999694526196 -0.002536426531150937
		endloop
	endfacet
	facet normal 0 1 0
		outer loop
			vertex -0.0015613227151334286 0.009499999694526196 -0.008100911974906921
			vertex -0.0017017521895468235 0.009499999694526196 -0.009651116095483303
			vertex -0.002536426531150937 0.009499999694526196 -0.009466073475778103
		endloop
	endfacet
	facet normal 0 1 0
		outer loop
			vertex -0.0015613227151334286 0.009499999694526196 -0.008100911974906921
			vertex -0.002536426531150937 0.009499999694526196 -0.009466073475778103
			vertex -0.002324293600395322 0.009499999694526196 -0.007915817201137543
		endloop
	endfacet
	facet normal 0 1 0
		outer loop
			vertex -0.008166027255356312 0.009499999694526196 -0.001174097415059805
			vertex -0.009651116095483303 0.009499999694526196 -0.0017017521895468235
			vertex -0.009762708097696304 0.009499999694526196 -0.0008541262941434979
		endloop
	endfacet
	facet normal 0 1 0
		outer loop
			vertex -0.008166027255356312 0.009499999694526196 -0.001174097415059805
			vertex -0.008017444983124733 0.009499999694526196 -0.0019450112013146281
			vertex -0.009651116095483303 0.009499999694526196 -0.0017017521895468235
		endloop
	endfacet
	facet normal 0 1 0
		outer loop
			vertex -0.0007842123741284013 0.009499999694526196 -0.008212643675506115
			vertex -0.0008541262941434979 0.009499999694526196 -0.009762708097696304
			vertex -0.0017017521895468235 0.009499999694526196 -0.009651116095483303
		endloop
	endfacet
	facet normal 0 1 0
		outer loop
			vertex -0.0007842123741284013 0.009499999694526196 -0.008212643675506115
			vertex -0.0017017521895468235 0.009499999694526196 -0.009651116095483303
			vertex -0.0015613227151334286 0.009499999694526196 -0.008100911974906921
		endloop
	endfacet
	facet normal 0 1 0
		outer loop
			vertex -0.0082406559959054 0.009499999694526196 -0.00039255080628208816
			vertex -0.009762708097696304 0.009499999694526196 -0.0008541262941434979
			vertex -0.009800000116229057 0.009499999694526196 1.9208528449994067e-17
		endloop
	endfacet
	facet normal 0 1 0
		outer loop
			vertex -0.0082406559959054 0.009499999694526196 -0.00039255080628208816
			vertex -0.008166027255356312 0.009499999694526196 -0.001174097415059805
			vertex -0.009762708097696304 0.009499999694526196 -0.0008541262941434979
		endloop
	endfacet
	facet normal 0 1 0
		outer loop
			vertex 1.0103335996160237e-18 0.009499999694526196 -0.008249999955296516
			vertex 0.0008541262941434979 0.009499999694526196 -0.009762708097696304
			vertex 0 0.009499999694526196 -0.009800000116229057
		endloop
	endfacet
	facet normal 0 1 0
		outer loop
			vertex 1.0103335996160237e-18 0.009499999694526196 -0.008249999955296516
			vertex -0.0008541262941434979 0.009499999694526196 -0.009762708097696304
			vertex -0.0007842123741284013 0.009499999694526196 -0.008212643675506115
		endloop
	endfacet
	facet normal 0 1 0
		outer loop
			vertex 1.0103335996160237e-18 0.009499999694526196 -0.008249999955296516
			vertex 0 0.009499999694526196 -0.009800000116229057
			vertex -0.0008541262941434979 0.009499999694526196 -0.009762708097696304
		endloop
	endfacet
	facet normal 0 1 0
		outer loop
			vertex -0.0082406559959054 0.009499999694526196 0.00039255080628208816
			vertex -0.0082406559959054 0.009499999694526196 -0.00039255080628208816
			vertex -0.009800000116229057 0.009499999694526196 1.9208528449994067e-17
		endloop
	endfacet
	facet normal 0 1 0
		outer loop
			vertex -0.0082406559959054 0.009499999694526196 0.00039255080628208816
			vertex -0.009800000116229057 0.009499999694526196 1.9208528449994067e-17
			vertex -0.009762708097696304 0.009499999694526196 0.0008541262941434979
		endloop
	endfacet
	facet normal 0 1 0
		outer loop
			vertex 0.0007842123741284013 0.009499999694526196 -0.008212643675506115
			vertex 0.0017017521895468235 0.009499999694526196 -0.009651116095483303
			vertex 0.0008541262941434979 0.009499999694526196 -0.009762708097696304
		endloop
	endfacet
	facet normal 0 1 0
		outer loop
			vertex 0.0007842123741284013 0.009499999694526196 -0.008212643675506115
			vertex 0.0008541262941434979 0.009499999694526196 -0.009762708097696304
			vertex 1.0103335996160237e-18 0.009499999694526196 -0.008249999955296516
		endloop
	endfacet
	facet normal 0 1 0
		outer loop
			vertex -0.008166027255356312 0.009499999694526196 0.001174097415059805
			vertex -0.009762708097696304 0.009499999694526196 0.0008541262941434979
			vertex -0.009651116095483303 0.009499999694526196 0.0017017521895468235
		endloop
	endfacet
	facet normal 0 1 0
		outer loop
			vertex -0.008166027255356312 0.009499999694526196 0.001174097415059805
			vertex -0.0082406559959054 0.009499999694526196 0.00039255080628208816
			vertex -0.009762708097696304 0.009499999694526196 0.0008541262941434979
		endloop
	endfacet
	facet normal 0 1 0
		outer loop
			vertex 0.0015613227151334286 0.009499999694526196 -0.008100911974906921
			vertex 0.002536426531150937 0.009499999694526196 -0.009466073475778103
			vertex 0.0017017521895468235 0.009499999694526196 -0.009651116095483303
		endloop
	endfacet
	facet normal 0 1 0
		outer loop
			vertex 0.0015613227151334286 0.009499999694526196 -0.008100911974906921
			vertex 0.0017017521895468235 0.009499999694526196 -0.009651116095483303
			vertex 0.0007842123741284013 0.009499999694526196 -0.008212643675506115
		endloop
	endfacet
	facet normal 0 1 0
		outer loop
			vertex -0.008017444983124733 0.009499999694526196 0.0019450112013146281
			vertex -0.008166027255356312 0.009499999694526196 0.001174097415059805
			vertex -0.009651116095483303 0.009499999694526196 0.0017017521895468235
		endloop
	endfacet
	facet normal 0 1 0
		outer loop
			vertex -0.008017444983124733 0.009499999694526196 0.0019450112013146281
			vertex -0.009651116095483303 0.009499999694526196 0.0017017521895468235
			vertex -0.009466073475778103 0.009499999694526196 0.002536426531150937
		endloop
	endfacet
	facet normal 0 1 0
		outer loop
			vertex 0.002324293600395322 0.009499999694526196 -0.007915817201137543
			vertex 0.0033517973497509956 0.009499999694526196 -0.009208987466990948
			vertex 0.002536426531150937 0.009499999694526196 -0.009466073475778103
		endloop
	endfacet
	facet normal 0 1 0
		outer loop
			vertex 0.002324293600395322 0.009499999694526196 -0.007915817201137543
			vertex 0.002536426531150937 0.009499999694526196 -0.009466073475778103
			vertex 0.0015613227151334286 0.009499999694526196 -0.008100911974906921
		endloop
	endfacet
	facet normal 0 1 0
		outer loop
			vertex -0.0077962568029761314 0.009499999694526196 0.002698310650885105
			vertex -0.008017444983124733 0.009499999694526196 0.0019450112013146281
			vertex -0.009466073475778103 0.009499999694526196 0.002536426531150937
		endloop
	endfacet
	facet normal 0 1 0
		outer loop
			vertex -0.0077962568029761314 0.009499999694526196 0.002698310650885105
			vertex -0.009466073475778103 0.009499999694526196 0.002536426531150937
			vertex -0.009208987466990948 0.009499999694526196 0.0033517973497509956
		endloop
	endfacet
	facet normal 0 1 0
		outer loop
			vertex 0.0030662151984870434 0.009499999694526196 -0.0076590352691709995
			vertex 0.004141659010201693 0.009499999694526196 -0.008881816640496254
			vertex 0.0033517973497509956 0.009499999694526196 -0.009208987466990948
		endloop
	endfacet
	facet normal 0 1 0
		outer loop
			vertex 0.0030662151984870434 0.009499999694526196 -0.0076590352691709995
			vertex 0.0033517973497509956 0.009499999694526196 -0.009208987466990948
			vertex 0.002324293600395322 0.009499999694526196 -0.007915817201137543
		endloop
	endfacet
	facet normal 0 1 0
		outer loop
			vertex -0.007504464127123356 0.009499999694526196 0.0034271739423274994
			vertex -0.0077962568029761314 0.009499999694526196 0.002698310650885105
			vertex -0.009208987466990948 0.009499999694526196 0.0033517973497509956
		endloop
	endfacet
	facet normal 0 1 0
		outer loop
			vertex -0.007504464127123356 0.009499999694526196 0.0034271739423274994
			vertex -0.009208987466990948 0.009499999694526196 0.0033517973497509956
			vertex -0.008881816640496254 0.009499999694526196 0.004141659010201693
		endloop
	endfacet
	facet normal 0 1 0
		outer loop
			vertex 0.0037803687155246735 0.009499999694526196 -0.007332892622798681
			vertex 0.004900000058114529 0.009499999694526196 -0.00848704855889082
			vertex 0.004141659010201693 0.009499999694526196 -0.008881816640496254
		endloop
	endfacet
	facet normal 0 1 0
		outer loop
			vertex 0.0037803687155246735 0.009499999694526196 -0.007332892622798681
			vertex 0.004141659010201693 0.009499999694526196 -0.008881816640496254
			vertex 0.0030662151984870434 0.009499999694526196 -0.0076590352691709995
		endloop
	endfacet
	facet normal 0 1 0
		outer loop
			vertex -0.007144709583371878 0.009499999694526196 0.004124999977648258
			vertex -0.007504464127123356 0.009499999694526196 0.0034271739423274994
			vertex -0.008881816640496254 0.009499999694526196 0.004141659010201693
		endloop
	endfacet
	facet normal 0 1 0
		outer loop
			vertex -0.007144709583371878 0.009499999694526196 0.004124999977648258
			vertex -0.008881816640496254 0.009499999694526196 0.004141659010201693
			vertex -0.00848704855889082 0.009499999694526196 0.004900000058114529
		endloop
	endfacet
	facet normal 0 1 0
		outer loop
			vertex 0.0044602868147194386 0.009499999694526196 -0.006940341554582119
			vertex 0.004900000058114529 0.009499999694526196 -0.00848704855889082
			vertex 0.0037803687155246735 0.009499999694526196 -0.007332892622798681
		endloop
	endfacet
	facet normal 0 1 0
		outer loop
			vertex 0.005621049087494612 0.009499999694526196 -0.008027690462768078
			vertex 0.004900000058114529 0.009499999694526196 -0.00848704855889082
			vertex 0.0044602868147194386 0.009499999694526196 -0.006940341554582119
		endloop
	endfacet
	facet normal 0 1 0
		outer loop
			vertex -0.008027690462768078 0.009499999694526196 0.005621049087494612
			vertex -0.007144709583371878 0.009499999694526196 0.004124999977648258
			vertex -0.00848704855889082 0.009499999694526196 0.004900000058114529
		endloop
	endfacet
	facet normal 0 1 0
		outer loop
			vertex -0.006720251403748989 0.009499999694526196 0.004785469733178616
			vertex -0.007144709583371878 0.009499999694526196 0.004124999977648258
			vertex -0.008027690462768078 0.009499999694526196 0.005621049087494612
		endloop
	endfacet
	facet normal 0 1 0
		outer loop
			vertex 0.005099811591207981 0.009499999694526196 -0.006484937854111195
			vertex 0.005621049087494612 0.009499999694526196 -0.008027690462768078
			vertex 0.0044602868147194386 0.009499999694526196 -0.006940341554582119
		endloop
	endfacet
	facet normal 0 1 0
		outer loop
			vertex 0.0062993187457323074 0.009499999694526196 -0.0075072357431054115
			vertex 0.005621049087494612 0.009499999694526196 -0.008027690462768078
			vertex 0.005099811591207981 0.009499999694526196 -0.006484937854111195
		endloop
	endfacet
	facet normal 0 1 0
		outer loop
			vertex -0.0075072357431054115 0.009499999694526196 0.0062993187457323074
			vertex -0.006720251403748989 0.009499999694526196 0.004785469733178616
			vertex -0.008027690462768078 0.009499999694526196 0.005621049087494612
		endloop
	endfacet
	facet normal 0 1 0
		outer loop
			vertex -0.006234934087842703 0.009499999694526196 0.005402600858360529
			vertex -0.006720251403748989 0.009499999694526196 0.004785469733178616
			vertex -0.0075072357431054115 0.009499999694526196 0.0062993187457323074
		endloop
	endfacet
	facet normal 0 1 0
		outer loop
			vertex 0.005693151615560055 0.009499999694526196 -0.005970805883407593
			vertex 0.0062993187457323074 0.009499999694526196 -0.0075072357431054115
			vertex 0.005099811591207981 0.009499999694526196 -0.006484937854111195
		endloop
	endfacet
	facet normal 0 1 0
		outer loop
			vertex 0.006929646246135235 0.009499999694526196 -0.006929646246135235
			vertex 0.0062993187457323074 0.009499999694526196 -0.0075072357431054115
			vertex 0.005693151615560055 0.009499999694526196 -0.005970805883407593
		endloop
	endfacet
	facet normal 0 1 0
		outer loop
			vertex -0.006929646246135235 0.009499999694526196 0.006929646246135235
			vertex -0.006234934087842703 0.009499999694526196 0.005402600858360529
			vertex -0.0075072357431054115 0.009499999694526196 0.0062993187457323074
		endloop
	endfacet
	facet normal 0 1 0
		outer loop
			vertex -0.005693151615560055 0.009499999694526196 0.005970805883407593
			vertex -0.006234934087842703 0.009499999694526196 0.005402600858360529
			vertex -0.006929646246135235 0.009499999694526196 0.006929646246135235
		endloop
	endfacet
	facet normal 0 1 0
		outer loop
			vertex 0.006234934087842703 0.009499999694526196 -0.005402600858360529
			vertex 0.006929646246135235 0.009499999694526196 -0.006929646246135235
			vertex 0.005693151615560055 0.009499999694526196 -0.005970805883407593
		endloop
	endfacet
	facet normal 0 1 0
		outer loop
			vertex 0.0075072357431054115 0.009499999694526196 -0.0062993187457323074
			vertex 0.006929646246135235 0.009499999694526196 -0.006929646246135235
			vertex 0.006234934087842703 0.009499999694526196 -0.005402600858360529
		endloop
	endfacet
	facet normal 0 1 0
		outer loop
			vertex -0.0062993187457323074 0.009499999694526196 0.0075072357431054115
			vertex -0.005693151615560055 0.009499999694526196 0.005970805883407593
			vertex -0.006929646246135235 0.009499999694526196 0.006929646246135235
		endloop
	endfacet
	facet normal 0 1 0
		outer loop
			vertex -0.005099811591207981 0.009499999694526196 0.006484937854111195
			vertex -0.005693151615560055 0.009499999694526196 0.005970805883407593
			vertex -0.0062993187457323074 0.009499999694526196 0.0075072357431054115
		endloop
	endfacet
	facet normal 0 1 0
		outer loop
			vertex 0.006720251403748989 0.009499999694526196 -0.004785469733178616
			vertex 0.0075072357431054115 0.009499999694526196 -0.0062993187457323074
			vertex 0.006234934087842703 0.009499999694526196 -0.005402600858360529
		endloop
	endfacet
	facet normal 0 1 0
		outer loop
			vertex 0.008027690462768078 0.009499999694526196 -0.005621049087494612
			vertex 0.0075072357431054115 0.009499999694526196 -0.0062993187457323074
			vertex 0.006720251403748989 0.009499999694526196 -0.004785469733178616
		endloop
	endfacet
	facet normal 0 1 0
		outer loop
			vertex -0.005621049087494612 0.009499999694526196 0.008027690462768078
			vertex -0.005099811591207981 0.009499999694526196 0.006484937854111195
			vertex -0.0062993187457323074 0.009499999694526196 0.0075072357431054115
		endloop
	endfacet
	facet normal 0 1 0
		outer loop
			vertex -0.0044602868147194386 0.009499999694526196 0.006940341554582119
			vertex -0.005099811591207981 0.009499999694526196 0.006484937854111195
			vertex -0.005621049087494612 0.009499999694526196 0.008027690462768078
		endloop
	endfacet
	facet normal 0 1 0
		outer loop
			vertex 0.007144709583371878 0.009499999694526196 -0.004124999977648258
			vertex 0.008027690462768078 0.009499999694526196 -0.005621049087494612
			vertex 0.006720251403748989 0.009499999694526196 -0.004785469733178616
		endloop
	endfacet
	facet normal 0 1 0
		outer loop
			vertex 0.00848704855889082 0.009499999694526196 -0.004900000058114529
			vertex 0.008027690462768078 0.009499999694526196 -0.005621049087494612
			vertex 0.007144709583371878 0.009499999694526196 -0.004124999977648258
		endloop
	endfacet
	facet normal 0 1 0
		outer loop
			vertex -0.004900000058114529 0.009499999694526196 0.00848704855889082
			vertex -0.0044602868147194386 0.009499999694526196 0.006940341554582119
			vertex -0.005621049087494612 0.009499999694526196 0.008027690462768078
		endloop
	endfacet
	facet normal 0 1 0
		outer loop
			vertex -0.004900000058114529 0.009499999694526196 0.00848704855889082
			vertex -0.0037803687155246735 0.009499999694526196 0.007332892622798681
			vertex -0.0044602868147194386 0.009499999694526196 0.006940341554582119
		endloop
	endfacet
	facet normal 0 1 0
		outer loop
			vertex 0.008881816640496254 0.009499999694526196 -0.004141659010201693
			vertex 0.00848704855889082 0.009499999694526196 -0.004900000058114529
			vertex 0.007144709583371878 0.009499999694526196 -0.004124999977648258
		endloop
	endfacet
	facet normal 0 1 0
		outer loop
			vertex 0.008881816640496254 0.009499999694526196 -0.004141659010201693
			vertex 0.007144709583371878 0.009499999694526196 -0.004124999977648258
			vertex 0.007504464127123356 0.009499999694526196 -0.0034271739423274994
		endloop
	endfacet
	facet normal 0 1 0
		outer loop
			vertex -0.004141659010201693 0.009499999694526196 0.008881816640496254
			vertex -0.0037803687155246735 0.009499999694526196 0.007332892622798681
			vertex -0.004900000058114529 0.009499999694526196 0.00848704855889082
		endloop
	endfacet
	facet normal 0 1 0
		outer loop
			vertex -0.004141659010201693 0.009499999694526196 0.008881816640496254
			vertex -0.0030662151984870434 0.009499999694526196 0.0076590352691709995
			vertex -0.0037803687155246735 0.009499999694526196 0.007332892622798681
		endloop
	endfacet
	facet normal 0 1 0
		outer loop
			vertex 0.009208987466990948 0.009499999694526196 -0.0033517973497509956
			vertex 0.008881816640496254 0.009499999694526196 -0.004141659010201693
			vertex 0.007504464127123356 0.009499999694526196 -0.0034271739423274994
		endloop
	endfacet
	facet normal 0 1 0
		outer loop
			vertex 0.009208987466990948 0.009499999694526196 -0.0033517973497509956
			vertex 0.007504464127123356 0.009499999694526196 -0.0034271739423274994
			vertex 0.0077962568029761314 0.009499999694526196 -0.002698310650885105
		endloop
	endfacet
	facet normal 0 1 0
		outer loop
			vertex -0.0033517973497509956 0.009499999694526196 0.009208987466990948
			vertex -0.0030662151984870434 0.009499999694526196 0.0076590352691709995
			vertex -0.004141659010201693 0.009499999694526196 0.008881816640496254
		endloop
	endfacet
	facet normal 0 1 0
		outer loop
			vertex -0.0033517973497509956 0.009499999694526196 0.009208987466990948
			vertex -0.002324293600395322 0.009499999694526196 0.007915817201137543
			vertex -0.0030662151984870434 0.009499999694526196 0.0076590352691709995
		endloop
	endfacet
	facet normal 0 1 0
		outer loop
			vertex 0.009466073475778103 0.009499999694526196 -0.002536426531150937
			vertex 0.0077962568029761314 0.009499999694526196 -0.002698310650885105
			vertex 0.008017444983124733 0.009499999694526196 -0.0019450112013146281
		endloop
	endfacet
	facet normal 0 1 0
		outer loop
			vertex 0.009466073475778103 0.009499999694526196 -0.002536426531150937
			vertex 0.009208987466990948 0.009499999694526196 -0.0033517973497509956
			vertex 0.0077962568029761314 0.009499999694526196 -0.002698310650885105
		endloop
	endfacet
	facet normal 0 1 0
		outer loop
			vertex -0.002536426531150937 0.009499999694526196 0.009466073475778103
			vertex -0.002324293600395322 0.009499999694526196 0.007915817201137543
			vertex -0.0033517973497509956 0.009499999694526196 0.009208987466990948
		endloop
	endfacet
	facet normal 0 1 0
		outer loop
			vertex -0.002536426531150937 0.009499999694526196 0.009466073475778103
			vertex -0.0015613227151334286 0.009499999694526196 0.008100911974906921
			vertex -0.002324293600395322 0.009499999694526196 0.007915817201137543
		endloop
	endfacet
	facet normal 0 1 0
		outer loop
			vertex 0.009651116095483303 0.009499999694526196 -0.0017017521895468235
			vertex 0.008017444983124733 0.009499999694526196 -0.0019450112013146281
			vertex 0.008166027255356312 0.009499999694526196 -0.001174097415059805
		endloop
	endfacet
	facet normal 0 1 0
		outer loop
			vertex 0.009651116095483303 0.009499999694526196 -0.0017017521895468235
			vertex 0.009466073475778103 0.009499999694526196 -0.002536426531150937
			vertex 0.008017444983124733 0.009499999694526196 -0.0019450112013146281
		endloop
	endfacet
	facet normal 0 1 0
		outer loop
			vertex -0.0017017521895468235 0.009499999694526196 0.009651116095483303
			vertex -0.0015613227151334286 0.009499999694526196 0.008100911974906921
			vertex -0.002536426531150937 0.009499999694526196 0.009466073475778103
		endloop
	endfacet
	facet normal 0 1 0
		outer loop
			vertex -0.0017017521895468235 0.009499999694526196 0.009651116095483303
			vertex -0.0007842123741284013 0.009499999694526196 0.008212643675506115
			vertex -0.0015613227151334286 0.009499999694526196 0.008100911974906921
		endloop
	endfacet
	facet normal 0 1 0
		outer loop
			vertex 0.009762708097696304 0.009499999694526196 -0.0008541262941434979
			vertex 0.008166027255356312 0.009499999694526196 -0.001174097415059805
			vertex 0.0082406559959054 0.009499999694526196 -0.00039255080628208816
		endloop
	endfacet
	facet normal 0 1 0
		outer loop
			vertex 0.009762708097696304 0.009499999694526196 -0.0008541262941434979
			vertex 0.009651116095483303 0.009499999694526196 -0.0017017521895468235
			vertex 0.008166027255356312 0.009499999694526196 -0.001174097415059805
		endloop
	endfacet
	facet normal 0 1 0
		outer loop
			vertex -0.0008541262941434979 0.009499999694526196 0.009762708097696304
			vertex -0.0007842123741284013 0.009499999694526196 0.008212643675506115
			vertex -0.0017017521895468235 0.009499999694526196 0.009651116095483303
		endloop
	endfacet
	facet normal 0 1 0
		outer loop
			vertex -0.0008541262941434979 0.009499999694526196 0.009762708097696304
			vertex 0 0.009499999694526196 0.008249999955296516
			vertex -0.0007842123741284013 0.009499999694526196 0.008212643675506115
		endloop
	endfacet
	facet normal 0 1 0
		outer loop
			vertex 0.009800000116229057 0.009499999694526196 -7.128188396825701e-18
			vertex 0.009762708097696304 0.009499999694526196 -0.0008541262941434979
			vertex 0.0082406559959054 0.009499999694526196 -0.00039255080628208816
		endloop
	endfacet
	facet normal 0 1 0
		outer loop
			vertex 0.009800000116229057 0.009499999694526196 -7.128188396825701e-18
			vertex 0.0082406559959054 0.009499999694526196 -0.00039255080628208816
			vertex 0.0082406559959054 0.009499999694526196 0.00039255080628208816
		endloop
	endfacet
	facet normal 0 1 0
		outer loop
			vertex 1.2124003815777743e-18 0.009499999694526196 0.009800000116229057
			vertex 0 0.009499999694526196 0.008249999955296516
			vertex -0.0008541262941434979 0.009499999694526196 0.009762708097696304
		endloop
	endfacet
	facet normal 0 1 0
		outer loop
			vertex 0.009762708097696304 0.009499999694526196 0.0008541262941434979
			vertex 0.0082406559959054 0.009499999694526196 0.00039255080628208816
			vertex 0.008166027255356312 0.009499999694526196 0.001174097415059805
		endloop
	endfacet
	facet normal 0 1 0
		outer loop
			vertex 0.009762708097696304 0.009499999694526196 0.0008541262941434979
			vertex 0.009800000116229057 0.009499999694526196 -7.128188396825701e-18
			vertex 0.0082406559959054 0.009499999694526196 0.00039255080628208816
		endloop
	endfacet
	facet normal 0 1 0
		outer loop
			vertex 0.0008541262941434979 0.009499999694526196 0.009762708097696304
			vertex 0.0007842123741284013 0.009499999694526196 0.008212643675506115
			vertex 0 0.009499999694526196 0.008249999955296516
		endloop
	endfacet
	facet normal 0 1 0
		outer loop
			vertex 0.0008541262941434979 0.009499999694526196 0.009762708097696304
			vertex 0 0.009499999694526196 0.008249999955296516
			vertex 1.2124003815777743e-18 0.009499999694526196 0.009800000116229057
		endloop
	endfacet
	facet normal 0 1 0
		outer loop
			vertex 0.009651116095483303 0.009499999694526196 0.0017017521895468235
			vertex 0.008166027255356312 0.009499999694526196 0.001174097415059805
			vertex 0.008017444983124733 0.009499999694526196 0.0019450112013146281
		endloop
	endfacet
	facet normal 0 1 0
		outer loop
			vertex 0.009651116095483303 0.009499999694526196 0.0017017521895468235
			vertex 0.009762708097696304 0.009499999694526196 0.0008541262941434979
			vertex 0.008166027255356312 0.009499999694526196 0.001174097415059805
		endloop
	endfacet
	facet normal 0 1 0
		outer loop
			vertex 0.0017017521895468235 0.009499999694526196 0.009651116095483303
			vertex 0.0015613227151334286 0.009499999694526196 0.008100911974906921
			vertex 0.0007842123741284013 0.009499999694526196 0.008212643675506115
		endloop
	endfacet
	facet normal 0 1 0
		outer loop
			vertex 0.0017017521895468235 0.009499999694526196 0.009651116095483303
			vertex 0.0007842123741284013 0.009499999694526196 0.008212643675506115
			vertex 0.0008541262941434979 0.009499999694526196 0.009762708097696304
		endloop
	endfacet
	facet normal 0 1 0
		outer loop
			vertex 0.009466073475778103 0.009499999694526196 0.002536426531150937
			vertex 0.009651116095483303 0.009499999694526196 0.0017017521895468235
			vertex 0.008017444983124733 0.009499999694526196 0.0019450112013146281
		endloop
	endfacet
	facet normal 0 1 0
		outer loop
			vertex 0.009466073475778103 0.009499999694526196 0.002536426531150937
			vertex 0.008017444983124733 0.009499999694526196 0.0019450112013146281
			vertex 0.0077962568029761314 0.009499999694526196 0.002698310650885105
		endloop
	endfacet
	facet normal 0 1 0
		outer loop
			vertex 0.002536426531150937 0.009499999694526196 0.009466073475778103
			vertex 0.002324293600395322 0.009499999694526196 0.007915817201137543
			vertex 0.0015613227151334286 0.009499999694526196 0.008100911974906921
		endloop
	endfacet
	facet normal 0 1 0
		outer loop
			vertex 0.002536426531150937 0.009499999694526196 0.009466073475778103
			vertex 0.0015613227151334286 0.009499999694526196 0.008100911974906921
			vertex 0.0017017521895468235 0.009499999694526196 0.009651116095483303
		endloop
	endfacet
	facet normal 0 1 0
		outer loop
			vertex 0.009208987466990948 0.009499999694526196 0.0033517973497509956
			vertex 0.0077962568029761314 0.009499999694526196 0.002698310650885105
			vertex 0.007504464127123356 0.009499999694526196 0.0034271739423274994
		endloop
	endfacet
	facet normal 0 1 0
		outer loop
			vertex 0.009208987466990948 0.009499999694526196 0.0033517973497509956
			vertex 0.009466073475778103 0.009499999694526196 0.002536426531150937
			vertex 0.0077962568029761314 0.009499999694526196 0.002698310650885105
		endloop
	endfacet
	facet normal 0 1 0
		outer loop
			vertex 0.0033517973497509956 0.009499999694526196 0.009208987466990948
			vertex 0.0030662151984870434 0.009499999694526196 0.0076590352691709995
			vertex 0.002324293600395322 0.009499999694526196 0.007915817201137543
		endloop
	endfacet
	facet normal 0 1 0
		outer loop
			vertex 0.0033517973497509956 0.009499999694526196 0.009208987466990948
			vertex 0.002324293600395322 0.009499999694526196 0.007915817201137543
			vertex 0.002536426531150937 0.009499999694526196 0.009466073475778103
		endloop
	endfacet
	facet normal 0 1 0
		outer loop
			vertex 0.008881816640496254 0.009499999694526196 0.004141659010201693
			vertex 0.007504464127123356 0.009499999694526196 0.0034271739423274994
			vertex 0.007144709583371878 0.009499999694526196 0.004124999977648258
		endloop
	endfacet
	facet normal 0 1 0
		outer loop
			vertex 0.008881816640496254 0.009499999694526196 0.004141659010201693
			vertex 0.009208987466990948 0.009499999694526196 0.0033517973497509956
			vertex 0.007504464127123356 0.009499999694526196 0.0034271739423274994
		endloop
	endfacet
	facet normal 0 1 0
		outer loop
			vertex 0.004141659010201693 0.009499999694526196 0.008881816640496254
			vertex 0.0037803687155246735 0.009499999694526196 0.007332892622798681
			vertex 0.0030662151984870434 0.009499999694526196 0.0076590352691709995
		endloop
	endfacet
	facet normal 0 1 0
		outer loop
			vertex 0.004141659010201693 0.009499999694526196 0.008881816640496254
			vertex 0.0030662151984870434 0.009499999694526196 0.0076590352691709995
			vertex 0.0033517973497509956 0.009499999694526196 0.009208987466990948
		endloop
	endfacet
	facet normal 0 1 0
		outer loop
			vertex 0.00848704855889082 0.009499999694526196 0.004900000058114529
			vertex 0.008881816640496254 0.009499999694526196 0.004141659010201693
			vertex 0.007144709583371878 0.009499999694526196 0.004124999977648258
		endloop
	endfacet
	facet normal 0 1 0
		outer loop
			vertex 0.004900000058114529 0.009499999694526196 0.00848704855889082
			vertex 0.0044602868147194386 0.009499999694526196 0.006940341554582119
			vertex 0.0037803687155246735 0.009499999694526196 0.007332892622798681
		endloop
	endfacet
	facet normal 0 1 0
		outer loop
			vertex 0.004900000058114529 0.009499999694526196 0.00848704855889082
			vertex 0.0037803687155246735 0.009499999694526196 0.007332892622798681
			vertex 0.004141659010201693 0.009499999694526196 0.008881816640496254
		endloop
	endfacet
	facet normal 0 1 0
		outer loop
			vertex 0.008027690462768078 0.009499999694526196 0.005621049087494612
			vertex 0.00848704855889082 0.009499999694526196 0.004900000058114529
			vertex 0.007144709583371878 0.009499999694526196 0.004124999977648258
		endloop
	endfacet
	facet normal 0 1 0
		outer loop
			vertex 0.008027690462768078 0.009499999694526196 0.005621049087494612
			vertex 0.007144709583371878 0.009499999694526196 0.004124999977648258
			vertex 0.006720251403748989 0.009499999694526196 0.004785469733178616
		endloop
	endfacet
	facet normal 0 1 0
		outer loop
			vertex 0.005621049087494612 0.009499999694526196 0.008027690462768078
			vertex 0.005099811591207981 0.009499999694526196 0.006484937854111195
			vertex 0.0044602868147194386 0.009499999694526196 0.006940341554582119
		endloop
	endfacet
	facet normal 0 1 0
		outer loop
			vertex 0.005621049087494612 0.009499999694526196 0.008027690462768078
			vertex 0.0044602868147194386 0.009499999694526196 0.006940341554582119
			vertex 0.004900000058114529 0.009499999694526196 0.00848704855889082
		endloop
	endfacet
	facet normal 0 1 0
		outer loop
			vertex 0.0062993187457323074 0.009499999694526196 0.0075072357431054115
			vertex 0.005099811591207981 0.009499999694526196 0.006484937854111195
			vertex 0.005621049087494612 0.009499999694526196 0.008027690462768078
		endloop
	endfacet
	facet normal 0 1 0
		outer loop
			vertex 0.0062993187457323074 0.009499999694526196 0.0075072357431054115
			vertex 0.005693151615560055 0.009499999694526196 0.005970805883407593
			vertex 0.005099811591207981 0.009499999694526196 0.006484937854111195
		endloop
	endfacet
	facet normal 0 1 0
		outer loop
			vertex 0.0075072357431054115 0.009499999694526196 0.0062993187457323074
			vertex 0.006720251403748989 0.009499999694526196 0.004785469733178616
			vertex 0.006234934087842703 0.009499999694526196 0.005402600858360529
		endloop
	endfacet
	facet normal 0 1 0
		outer loop
			vertex 0.0075072357431054115 0.009499999694526196 0.0062993187457323074
			vertex 0.008027690462768078 0.009499999694526196 0.005621049087494612
			vertex 0.006720251403748989 0.009499999694526196 0.004785469733178616
		endloop
	endfacet
	facet normal 0 1 0
		outer loop
			vertex 0.006929646246135235 0.009499999694526196 0.006929646246135235
			vertex 0.005693151615560055 0.009499999694526196 0.005970805883407593
			vertex 0.0062993187457323074 0.009499999694526196 0.0075072357431054115
		endloop
	endfacet
	facet normal 0 1 0
		outer loop
			vertex 0.006929646246135235 0.009499999694526196 0.006929646246135235
			vertex 0.0075072357431054115 0.009499999694526196 0.0062993187457323074
			vertex 0.006234934087842703 0.009499999694526196 0.005402600858360529
		endloop
	endfacet
	facet normal 0 1 0
		outer loop
			vertex 0.006929646246135235 0.009499999694526196 0.006929646246135235
			vertex 0.006234934087842703 0.009499999694526196 0.005402600858360529
			vertex 0.005693151615560055 0.009499999694526196 0.005970805883407593
		endloop
	endfacet
	facet normal -0.05283176822031188 0.7072479383770589 -0.7049887643984939
		outer loop
			vertex 0.0006127498927526176 0.005750000011175871 0.0044580865651369095
			vertex 0.00048438736121170223 0.0044999998062849045 0.0032137001398950815
			vertex 0 0.0044999998062849045 0.0032500000670552254
		endloop
	endfacet
	facet normal -0.1441832409184518 0.7055388567489028 -0.6938487692975343
		outer loop
			vertex 0.0012140854960307479 0.005750000011175871 0.00433312775567174
			vertex 0.00048438736121170223 0.0044999998062849045 0.0032137001398950815
			vertex 0.0006127498927526176 0.005750000011175871 0.0044580865651369095
		endloop
	endfacet
	facet normal -0.15711125661386824 0.7081605986493718 -0.6883491988560565
		outer loop
			vertex 0.0012140854960307479 0.005750000011175871 0.00433312775567174
			vertex 0.0009579543257132173 0.0044999998062849045 0.00310561154037714
			vertex 0.00048438736121170223 0.0044999998062849045 0.0032137001398950815
		endloop
	endfacet
	facet normal -0.2576944198033389 0.7088562243322796 -0.6565945775191915
		outer loop
			vertex 0.0017928049201145768 0.005750000011175871 0.004127450753003359
			vertex 0.0014101221458986402 0.0044999998062849045 0.0029281487222760916
			vertex 0.0009579543257132173 0.0044999998062849045 0.00310561154037714
		endloop
	endfacet
	facet normal -0.23751538850211773 0.7049511824708788 -0.6683040255434631
		outer loop
			vertex 0.0017928049201145768 0.005750000011175871 0.004127450753003359
			vertex 0.0009579543257132173 0.0044999998062849045 0.00310561154037714
			vertex 0.0012140854960307479 0.005750000011175871 0.00433312775567174
		endloop
	endfacet
	facet normal -0.0483112764220087 0.706281112790961 -0.706281112790961
		outer loop
			vertex 0.0007829582318663597 0.007000000216066837 0.005696444306522608
			vertex 0 0.0044999998062849045 0.0032500000670552254
			vertex 0 0.009499999694526196 0.008249999955296516
		endloop
	endfacet
	facet normal -0.048311856466765224 0.706281184981007 -0.7062810009242493
		outer loop
			vertex 0.0007829582318663597 0.007000000216066837 0.005696444306522608
			vertex 0.0006127498927526176 0.005750000011175871 0.0044580865651369095
			vertex 0 0.0044999998062849045 0.0032500000670552254
		endloop
	endfacet
	facet normal -0.32650124425061816 0.7045191805174883 -0.6301187679999422
		outer loop
			vertex 0.002338127698749304 0.005750000011175871 0.003844887251034379
			vertex 0.0014101221458986402 0.0044999998062849045 0.0029281487222760916
			vertex 0.0017928049201145768 0.005750000011175871 0.004127450753003359
		endloop
	endfacet
	facet normal -0.3524347317783337 0.709336652203591 -0.6104353148998966
		outer loop
			vertex 0.002338127698749304 0.005750000011175871 0.003844887251034379
			vertex 0.0018307901918888092 0.0044999998062849045 0.0026852760929614305
			vertex 0.0014101221458986402 0.0044999998062849045 0.0029281487222760916
		endloop
	endfacet
	facet normal -0.14403320103894085 0.706281143171598 -0.6931243638761351
		outer loop
			vertex 0.0015513314865529537 0.007000000216066837 0.005536774173378944
			vertex 0.0006127498927526176 0.005750000011175871 0.0044580865651369095
			vertex 0.0007829582318663597 0.007000000216066837 0.005696444306522608
		endloop
	endfacet
	facet normal -0.1440327558348719 0.7062810077761003 -0.693124594356158
		outer loop
			vertex 0.0015513314865529537 0.007000000216066837 0.005536774173378944
			vertex 0.0012140854960307479 0.005750000011175871 0.00433312775567174
			vertex 0.0006127498927526176 0.005750000011175871 0.0044580865651369095
		endloop
	endfacet
	facet normal -0.4393119006612525 0.7096031914009208 -0.5508796281321595
		outer loop
			vertex 0.002839895663782954 0.005750000011175871 0.003490700852125883
			vertex 0.0022105614189058542 0.0044999998062849045 0.002382418606430292
			vertex 0.0018307901918888092 0.0044999998062849045 0.0026852760929614305
		endloop
	endfacet
	facet normal -0.40941885435213365 0.7042437940606371 -0.5800145517382003
		outer loop
			vertex 0.002839895663782954 0.005750000011175871 0.003490700852125883
			vertex 0.0018307901918888092 0.0044999998062849045 0.0026852760929614305
			vertex 0.002338127698749304 0.005750000011175871 0.003844887251034379
		endloop
	endfacet
	facet normal -0.23707151782748628 0.7062810292123115 -0.6670563718380703
		outer loop
			vertex 0.0022908062674105167 0.007000000216066837 0.005273965187370777
			vertex 0.0012140854960307479 0.005750000011175871 0.00433312775567174
			vertex 0.0015513314865529537 0.007000000216066837 0.005536774173378944
		endloop
	endfacet
	facet normal -0.23707188106385893 0.7062811492604548 -0.6670561156365892
		outer loop
			vertex 0.0022908062674105167 0.007000000216066837 0.005273965187370777
			vertex 0.0017928049201145768 0.005750000011175871 0.004127450753003359
			vertex 0.0012140854960307479 0.005750000011175871 0.00433312775567174
		endloop
	endfacet
	facet normal -0.10100324342128505 0.7044876456191278 -0.7024923501280274
		outer loop
			vertex 0.0009531665709801018 0.008249999955296516 0.006934801582247019
			vertex 0.0007842123741284013 0.009499999694526196 0.008212643675506115
			vertex 0.0015613227151334286 0.009499999694526196 0.008100911974906921
		endloop
	endfacet
	facet normal -0.033399049984683335 0.7122418620247883 -0.7011390970696064
		outer loop
			vertex 0.0009531665709801018 0.008249999955296516 0.006934801582247019
			vertex 0 0.009499999694526196 0.008249999955296516
			vertex 0.0007842123741284013 0.009499999694526196 0.008212643675506115
		endloop
	endfacet
	facet normal -0.04831104297145004 0.7062811570288375 -0.706281084521607
		outer loop
			vertex 0.0009531665709801018 0.008249999955296516 0.006934801582247019
			vertex 0.0007829582318663597 0.007000000216066837 0.005696444306522608
			vertex 0 0.009499999694526196 0.008249999955296516
		endloop
	endfacet
	facet normal -0.4846641339684529 0.7041257056295045 -0.5189486177998376
		outer loop
			vertex 0.0032887619454413652 0.005750000011175871 0.003071489045396447
			vertex 0.0022105614189058542 0.0044999998062849045 0.002382418606430292
			vertex 0.002839895663782954 0.005750000011175871 0.003490700852125883
		endloop
	endfacet
	facet normal -0.51647017312197 0.709656480006585 -0.4792141907957506
		outer loop
			vertex 0.0032887619454413652 0.005750000011175871 0.003071489045396447
			vertex 0.002540952293202281 0.0044999998062849045 0.0020263418555259705
			vertex 0.0022105614189058542 0.0044999998062849045 0.002382418606430292
		endloop
	endfacet
	facet normal -0.3256947895924463 0.7062811309132355 -0.6285617456926991
		outer loop
			vertex 0.002987607615068555 0.007000000216066837 0.00491291144862771
			vertex 0.0017928049201145768 0.005750000011175871 0.004127450753003359
			vertex 0.0022908062674105167 0.007000000216066837 0.005273965187370777
		endloop
	endfacet
	facet normal -0.32569456762080595 0.7062810489133245 -0.6285619528480787
		outer loop
			vertex 0.002987607615068555 0.007000000216066837 0.00491291144862771
			vertex 0.002338127698749304 0.005750000011175871 0.003844887251034379
			vertex 0.0017928049201145768 0.005750000011175871 0.004127450753003359
		endloop
	endfacet
	facet normal -0.1440328576507956 0.7062811575212886 -0.693124420611
		outer loop
			vertex 0.0018885773606598377 0.008249999955296516 0.0067404210567474365
			vertex 0.0007829582318663597 0.007000000216066837 0.005696444306522608
			vertex 0.0009531665709801018 0.008249999955296516 0.006934801582247019
		endloop
	endfacet
	facet normal -0.2309709444286932 0.7080268825408649 -0.6673457547847157
		outer loop
			vertex 0.0018885773606598377 0.008249999955296516 0.0067404210567474365
			vertex 0.002324293600395322 0.009499999694526196 0.007915817201137543
			vertex 0.0030662151984870434 0.009499999694526196 0.0076590352691709995
		endloop
	endfacet
	facet normal -0.1670413350115017 0.7056848547709561 -0.6885536131228054
		outer loop
			vertex 0.0018885773606598377 0.008249999955296516 0.0067404210567474365
			vertex 0.0015613227151334286 0.009499999694526196 0.008100911974906921
			vertex 0.002324293600395322 0.009499999694526196 0.007915817201137543
		endloop
	endfacet
	facet normal -0.14297855928847183 0.7114373833958305 -0.6880508564711529
		outer loop
			vertex 0.0018885773606598377 0.008249999955296516 0.0067404210567474365
			vertex 0.0009531665709801018 0.008249999955296516 0.006934801582247019
			vertex 0.0015613227151334286 0.009499999694526196 0.008100911974906921
		endloop
	endfacet
	facet normal -0.14403317350210304 0.706281278832962 -0.6931242313618742
		outer loop
			vertex 0.0018885773606598377 0.008249999955296516 0.0067404210567474365
			vertex 0.0015513314865529537 0.007000000216066837 0.005536774173378944
			vertex 0.0007829582318663597 0.007000000216066837 0.005696444306522608
		endloop
	endfacet
	facet normal -0.5822577473233229 0.7094966148003906 -0.3969766608615117
		outer loop
			vertex 0.003676364431157708 0.005750000011175871 0.0025950614362955093
			vertex 0.002814582549035549 0.0044999998062849045 0.0016250000335276127
			vertex 0.002540952293202281 0.0044999998062849045 0.0020263418555259705
		endloop
	endfacet
	facet normal -0.5507832311987946 0.7041650924827182 -0.4480952518818073
		outer loop
			vertex 0.003676364431157708 0.005750000011175871 0.0025950614362955093
			vertex 0.002540952293202281 0.0044999998062849045 0.0020263418555259705
			vertex 0.0032887619454413652 0.005750000011175871 0.003071489045396447
		endloop
	endfacet
	facet normal -0.408250083568769 0.7062810534435617 -0.5783588356831302
		outer loop
			vertex 0.003628755686804652 0.007000000216066837 0.004460339900106192
			vertex 0.002338127698749304 0.005750000011175871 0.003844887251034379
			vertex 0.002987607615068555 0.007000000216066837 0.00491291144862771
		endloop
	endfacet
	facet normal -0.40825010452357763 0.7062810624071756 -0.5783588099454174
		outer loop
			vertex 0.003628755686804652 0.007000000216066837 0.004460339900106192
			vertex 0.002839895663782954 0.005750000011175871 0.003490700852125883
			vertex 0.002338127698749304 0.005750000011175871 0.003844887251034379
		endloop
	endfacet
	facet normal -0.23707147646722565 0.7062811530089435 -0.6670562554612671
		outer loop
			vertex 0.0027888077311217785 0.008249999955296516 0.006420479156076908
			vertex 0.0022908062674105167 0.007000000216066837 0.005273965187370777
			vertex 0.0015513314865529537 0.007000000216066837 0.005536774173378944
		endloop
	endfacet
	facet normal -0.2946993374188956 0.7047959754225621 -0.6453022032761265
		outer loop
			vertex 0.0027888077311217785 0.008249999955296516 0.006420479156076908
			vertex 0.0030662151984870434 0.009499999694526196 0.0076590352691709995
			vertex 0.0037803687155246735 0.009499999694526196 0.007332892622798681
		endloop
	endfacet
	facet normal -0.23707173846006568 0.7062812636964059 -0.6670560451528269
		outer loop
			vertex 0.0027888077311217785 0.008249999955296516 0.006420479156076908
			vertex 0.0015513314865529537 0.007000000216066837 0.005536774173378944
			vertex 0.0018885773606598377 0.008249999955296516 0.0067404210567474365
		endloop
	endfacet
	facet normal -0.2358558594415698 0.7099019282552483 -0.6636348889461423
		outer loop
			vertex 0.0027888077311217785 0.008249999955296516 0.006420479156076908
			vertex 0.0018885773606598377 0.008249999955296516 0.0067404210567474365
			vertex 0.0030662151984870434 0.009499999694526196 0.0076590352691709995
		endloop
	endfacet
	facet normal -0.6352592822621101 0.7091232015736839 -0.30592471179967984
		outer loop
			vertex 0.00399548327550292 0.005750000011175871 0.0020702925976365805
			vertex 0.0030253396835178137 0.0044999998062849045 0.001187358284369111
			vertex 0.002814582549035549 0.0044999998062849045 0.0016250000335276127
		endloop
	endfacet
	facet normal -0.6065021039317947 0.7043618313321233 -0.3688219197509334
		outer loop
			vertex 0.00399548327550292 0.005750000011175871 0.0020702925976365805
			vertex 0.002814582549035549 0.0044999998062849045 0.0016250000335276127
			vertex 0.003676364431157708 0.005750000011175871 0.0025950614362955093
		endloop
	endfacet
	facet normal -0.4832009028476947 0.7062810191788879 -0.5173818796931374
		outer loop
			vertex 0.0042023067362606525 0.007000000216066837 0.003924680408090353
			vertex 0.0032887619454413652 0.005750000011175871 0.003071489045396447
			vertex 0.002839895663782954 0.005750000011175871 0.003490700852125883
		endloop
	endfacet
	facet normal -0.48320099222643953 0.7062810656092482 -0.5173817328368381
		outer loop
			vertex 0.0042023067362606525 0.007000000216066837 0.003924680408090353
			vertex 0.002839895663782954 0.005750000011175871 0.003490700852125883
			vertex 0.003628755686804652 0.007000000216066837 0.004460339900106192
		endloop
	endfacet
	facet normal -0.35462007654069194 0.7049671859095509 -0.6142197229860359
		outer loop
			vertex 0.0036370877642184496 0.008249999955296516 0.005980935879051685
			vertex 0.0037803687155246735 0.009499999694526196 0.007332892622798681
			vertex 0.0044602868147194386 0.009499999694526196 0.006940341554582119
		endloop
	endfacet
	facet normal -0.32569449470132994 0.7062811712706638 -0.6285618531455633
		outer loop
			vertex 0.0036370877642184496 0.008249999955296516 0.005980935879051685
			vertex 0.0022908062674105167 0.007000000216066837 0.005273965187370777
			vertex 0.0027888077311217785 0.008249999955296516 0.006420479156076908
		endloop
	endfacet
	facet normal -0.32569472122925874 0.7062812798549105 -0.6285616137578758
		outer loop
			vertex 0.0036370877642184496 0.008249999955296516 0.005980935879051685
			vertex 0.002987607615068555 0.007000000216066837 0.00491291144862771
			vertex 0.0022908062674105167 0.007000000216066837 0.005273965187370777
		endloop
	endfacet
	facet normal -0.3232008483701046 0.711672663394938 -0.6237493340992036
		outer loop
			vertex 0.0036370877642184496 0.008249999955296516 0.005980935879051685
			vertex 0.0027888077311217785 0.008249999955296516 0.006420479156076908
			vertex 0.0037803687155246735 0.009499999694526196 0.007332892622798681
		endloop
	endfacet
	facet normal -0.6743240754443259 0.7085354525601454 -0.2080013311052243
		outer loop
			vertex 0.004240174312144518 0.005750000011175871 0.0015069582732394338
			vertex 0.0031685156282037497 0.0044999998062849045 0.0007231930503621697
			vertex 0.0030253396835178137 0.0044999998062849045 0.001187358284369111
		endloop
	endfacet
	facet normal -0.6507519273095789 0.7047156633167618 -0.28266192346845226
		outer loop
			vertex 0.004240174312144518 0.005750000011175871 0.0015069582732394338
			vertex 0.0030253396835178137 0.0044999998062849045 0.001187358284369111
			vertex 0.00399548327550292 0.005750000011175871 0.0020702925976365805
		endloop
	endfacet
	facet normal -0.5491504963652779 0.7062811394673262 -0.44676692399337753
		outer loop
			vertex 0.004697577096521854 0.007000000216066837 0.0033159118611365557
			vertex 0.003676364431157708 0.005750000011175871 0.0025950614362955093
			vertex 0.0032887619454413652 0.005750000011175871 0.003071489045396447
		endloop
	endfacet
	facet normal -0.5491503312146203 0.706281027606268 -0.4467673038286342
		outer loop
			vertex 0.004697577096521854 0.007000000216066837 0.0033159118611365557
			vertex 0.0032887619454413652 0.005750000011175871 0.003071489045396447
			vertex 0.0042023067362606525 0.007000000216066837 0.003924680408090353
		endloop
	endfacet
	facet normal -0.46416380149278186 0.7054117104022777 -0.535673673248091
		outer loop
			vertex 0.0044176154769957066 0.008249999955296516 0.0054299789480865
			vertex 0.005099811591207981 0.009499999694526196 0.006484937854111195
			vertex 0.005693151615560055 0.009499999694526196 0.005970805883407593
		endloop
	endfacet
	facet normal -0.40933344340388766 0.7085327791538051 -0.5748281769152428
		outer loop
			vertex 0.0044176154769957066 0.008249999955296516 0.0054299789480865
			vertex 0.0044602868147194386 0.009499999694526196 0.006940341554582119
			vertex 0.005099811591207981 0.009499999694526196 0.006484937854111195
		endloop
	endfacet
	facet normal -0.40825002510162123 0.7062811550662166 -0.5783587528540192
		outer loop
			vertex 0.0044176154769957066 0.008249999955296516 0.0054299789480865
			vertex 0.003628755686804652 0.007000000216066837 0.004460339900106192
			vertex 0.002987607615068555 0.007000000216066837 0.00491291144862771
		endloop
	endfacet
	facet normal -0.40825022192541727 0.706281266482134 -0.5783584778614735
		outer loop
			vertex 0.0044176154769957066 0.008249999955296516 0.0054299789480865
			vertex 0.002987607615068555 0.007000000216066837 0.00491291144862771
			vertex 0.0036370877642184496 0.008249999955296516 0.005980935879051685
		endloop
	endfacet
	facet normal -0.40638601043289857 0.7095067148369172 -0.5757174933296343
		outer loop
			vertex 0.0044176154769957066 0.008249999955296516 0.0054299789480865
			vertex 0.0036370877642184496 0.008249999955296516 0.005980935879051685
			vertex 0.0044602868147194386 0.009499999694526196 0.006940341554582119
		endloop
	endfacet
	facet normal -0.6985905658115762 0.7077315878926447 -0.10529587293915121
		outer loop
			vertex 0.004405878484249115 0.005750000011175871 0.0009155520820058882
			vertex 0.003240912454202771 0.0044999998062849045 0.00024287280393764377
			vertex 0.0031685156282037497 0.0044999998062849045 0.0007231930503621697
		endloop
	endfacet
	facet normal -0.6826918926213054 0.7052256918915017 -0.19128121508734938
		outer loop
			vertex 0.004405878484249115 0.005750000011175871 0.0009155520820058882
			vertex 0.0031685156282037497 0.0044999998062849045 0.0007231930503621697
			vertex 0.004240174312144518 0.005750000011175871 0.0015069582732394338
		endloop
	endfacet
	facet normal -0.6048704703261912 0.7062811228946778 -0.3678297018594412
		outer loop
			vertex 0.005105339922010899 0.007000000216066837 0.0026453740429133177
			vertex 0.00399548327550292 0.005750000011175871 0.0020702925976365805
			vertex 0.003676364431157708 0.005750000011175871 0.0025950614362955093
		endloop
	endfacet
	facet normal -0.6048704823821022 0.7062811349473022 -0.36782965889171304
		outer loop
			vertex 0.005105339922010899 0.007000000216066837 0.0026453740429133177
			vertex 0.003676364431157708 0.005750000011175871 0.0025950614362955093
			vertex 0.004697577096521854 0.007000000216066837 0.0033159118611365557
		endloop
	endfacet
	facet normal -0.5135965808378274 0.704556115383704 -0.4897134186716939
		outer loop
			vertex 0.0051158517599105835 0.008249999955296516 0.0047778720036149025
			vertex 0.005693151615560055 0.009499999694526196 0.005970805883407593
			vertex 0.006234934087842703 0.009499999694526196 0.005402600858360529
		endloop
	endfacet
	facet normal -0.48320086659026185 0.7062812501072795 -0.5173815983133906
		outer loop
			vertex 0.0051158517599105835 0.008249999955296516 0.0047778720036149025
			vertex 0.0042023067362606525 0.007000000216066837 0.003924680408090353
			vertex 0.003628755686804652 0.007000000216066837 0.004460339900106192
		endloop
	endfacet
	facet normal -0.47958249782165263 0.7115550066114144 -0.5135076439054969
		outer loop
			vertex 0.0051158517599105835 0.008249999955296516 0.0047778720036149025
			vertex 0.0044176154769957066 0.008249999955296516 0.0054299789480865
			vertex 0.005693151615560055 0.009499999694526196 0.005970805883407593
		endloop
	endfacet
	facet normal -0.48320074071946273 0.7062811610917945 -0.5173818373841405
		outer loop
			vertex 0.0051158517599105835 0.008249999955296516 0.0047778720036149025
			vertex 0.003628755686804652 0.007000000216066837 0.004460339900106192
			vertex 0.0044176154769957066 0.008249999955296516 0.0054299789480865
		endloop
	endfacet
	facet normal -0.7017234449269426 0.705890717416614 -0.09644947851036992
		outer loop
			vertex 0.004489509388804436 0.005750000011175871 0.000307090871501714
			vertex 0.003240912454202771 0.0044999998062849045 0.00024287280393764377
			vertex 0.004405878484249115 0.005750000011175871 0.0009155520820058882
		endloop
	endfacet
	facet normal -0.6493227545872547 0.7062811150586815 -0.28204068303470897
		outer loop
			vertex 0.005418000277131796 0.007000000216066837 0.00192555773537606
			vertex 0.00399548327550292 0.005750000011175871 0.0020702925976365805
			vertex 0.005105339922010899 0.007000000216066837 0.0026453740429133177
		endloop
	endfacet
	facet normal -0.649322694500908 0.7062809961984219 -0.28204111901466694
		outer loop
			vertex 0.005418000277131796 0.007000000216066837 0.00192555773537606
			vertex 0.004240174312144518 0.005750000011175871 0.0015069582732394338
			vertex 0.00399548327550292 0.005750000011175871 0.0020702925976365805
		endloop
	endfacet
	facet normal -0.5955069979327023 0.7063321631869933 -0.3827091462988089
		outer loop
			vertex 0.00571878906339407 0.008249999955296516 0.004036762285977602
			vertex 0.006720251403748989 0.009499999694526196 0.004785469733178616
			vertex 0.007144709583371878 0.009499999694526196 0.004124999977648258
		endloop
	endfacet
	facet normal -0.5558183297101518 0.707113305754793 -0.4371003971432031
		outer loop
			vertex 0.00571878906339407 0.008249999955296516 0.004036762285977602
			vertex 0.006234934087842703 0.009499999694526196 0.005402600858360529
			vertex 0.006720251403748989 0.009499999694526196 0.004785469733178616
		endloop
	endfacet
	facet normal -0.5491502721715372 0.7062811038989271 -0.4467672557934833
		outer loop
			vertex 0.00571878906339407 0.008249999955296516 0.004036762285977602
			vertex 0.004697577096521854 0.007000000216066837 0.0033159118611365557
			vertex 0.0042023067362606525 0.007000000216066837 0.003924680408090353
		endloop
	endfacet
	facet normal -0.5491504122031333 0.7062812391746324 -0.4467668698181127
		outer loop
			vertex 0.00571878906339407 0.008249999955296516 0.004036762285977602
			vertex 0.0042023067362606525 0.007000000216066837 0.003924680408090353
			vertex 0.0051158517599105835 0.008249999955296516 0.0047778720036149025
		endloop
	endfacet
	facet normal -0.5458091816873841 0.7105724436007302 -0.444048577951822
		outer loop
			vertex 0.00571878906339407 0.008249999955296516 0.004036762285977602
			vertex 0.0051158517599105835 0.008249999955296516 0.0047778720036149025
			vertex 0.006234934087842703 0.009499999694526196 0.005402600858360529
		endloop
	endfacet
	facet normal -0.7075037972267102 0.7067095421103257 0
		outer loop
			vertex 0.004489509388804436 0.005750000011175871 -0.000307090871501714
			vertex 0.003240912454202771 0.0044999998062849045 -0.00024287280393764377
			vertex 0.003240912454202771 0.0044999998062849045 0.00024287280393764377
		endloop
	endfacet
	facet normal -0.7075037972267103 0.7067095421103257 0
		outer loop
			vertex 0.004489509388804436 0.005750000011175871 -0.000307090871501714
			vertex 0.003240912454202771 0.0044999998062849045 0.00024287280393764377
			vertex 0.004489509388804436 0.005750000011175871 0.000307090871501714
		endloop
	endfacet
	facet normal -0.6816795088281887 0.7062810912537609 -0.19099755857381068
		outer loop
			vertex 0.005629733670502901 0.007000000216066837 0.0011698721209540963
			vertex 0.004405878484249115 0.005750000011175871 0.0009155520820058882
			vertex 0.004240174312144518 0.005750000011175871 0.0015069582732394338
		endloop
	endfacet
	facet normal -0.6816795087275869 0.7062810168556067 -0.19099783404616424
		outer loop
			vertex 0.005629733670502901 0.007000000216066837 0.0011698721209540963
			vertex 0.004240174312144518 0.005750000011175871 0.0015069582732394338
			vertex 0.005418000277131796 0.007000000216066837 0.00192555773537606
		endloop
	endfacet
	facet normal -0.6308512058046273 0.7044532744259662 -0.3252265983670189
		outer loop
			vertex 0.006215196568518877 0.008249999955296516 0.0032204552553594112
			vertex 0.007144709583371878 0.009499999694526196 0.004124999977648258
			vertex 0.007504464127123356 0.009499999694526196 0.0034271739423274994
		endloop
	endfacet
	facet normal -0.6048704082698139 0.7062812218898977 -0.3678296138230603
		outer loop
			vertex 0.006215196568518877 0.008249999955296516 0.0032204552553594112
			vertex 0.005105339922010899 0.007000000216066837 0.0026453740429133177
			vertex 0.004697577096521854 0.007000000216066837 0.0033159118611365557
		endloop
	endfacet
	facet normal -0.6048703360597769 0.7062811085299187 -0.3678299502333682
		outer loop
			vertex 0.006215196568518877 0.008249999955296516 0.0032204552553594112
			vertex 0.004697577096521854 0.007000000216066837 0.0033159118611365557
			vertex 0.00571878906339407 0.008249999955296516 0.004036762285977602
		endloop
	endfacet
	facet normal -0.6007483463934301 0.7110838925105334 -0.3653233117631937
		outer loop
			vertex 0.006215196568518877 0.008249999955296516 0.0032204552553594112
			vertex 0.00571878906339407 0.008249999955296516 0.004036762285977602
			vertex 0.007144709583371878 0.009499999694526196 0.004124999977648258
		endloop
	endfacet
	facet normal -0.6985905658115762 0.7077315878926447 0.10529587293915121
		outer loop
			vertex 0.004405878484249115 0.005750000011175871 -0.0009155520820058882
			vertex 0.0031685156282037497 0.0044999998062849045 -0.0007231930503621697
			vertex 0.003240912454202771 0.0044999998062849045 -0.00024287280393764377
		endloop
	endfacet
	facet normal -0.7017234449269426 0.705890717416614 0.09644947851036992
		outer loop
			vertex 0.004405878484249115 0.005750000011175871 -0.0009155520820058882
			vertex 0.003240912454202771 0.0044999998062849045 -0.00024287280393764377
			vertex 0.004489509388804436 0.005750000011175871 -0.000307090871501714
		endloop
	endfacet
	facet normal -0.701337815446283 0.7062810849228702 -0.09639656479983538
		outer loop
			vertex 0.00573659548535943 0.007000000216066837 0.00039239387842826545
			vertex 0.004405878484249115 0.005750000011175871 0.0009155520820058882
			vertex 0.005629733670502901 0.007000000216066837 0.0011698721209540963
		endloop
	endfacet
	facet normal -0.7013378029092876 0.7062811098551258 -0.09639647333894033
		outer loop
			vertex 0.00573659548535943 0.007000000216066837 0.00039239387842826545
			vertex 0.004489509388804436 0.005750000011175871 0.000307090871501714
			vertex 0.004405878484249115 0.005750000011175871 0.0009155520820058882
		endloop
	endfacet
	facet normal -0.6447156037988783 0.7112803687372344 -0.28003933164338113
		outer loop
			vertex 0.006595826242119074 0.008249999955296516 0.002344157313928008
			vertex 0.006215196568518877 0.008249999955296516 0.0032204552553594112
			vertex 0.007504464127123356 0.009499999694526196 0.0034271739423274994
		endloop
	endfacet
	facet normal -0.6780350553208997 0.707553665326791 -0.19908860951498014
		outer loop
			vertex 0.006595826242119074 0.008249999955296516 0.002344157313928008
			vertex 0.0077962568029761314 0.009499999694526196 0.002698310650885105
			vertex 0.008017444983124733 0.009499999694526196 0.0019450112013146281
		endloop
	endfacet
	facet normal -0.6574888546276232 0.7059917375113034 -0.2632186783004336
		outer loop
			vertex 0.006595826242119074 0.008249999955296516 0.002344157313928008
			vertex 0.007504464127123356 0.009499999694526196 0.0034271739423274994
			vertex 0.0077962568029761314 0.009499999694526196 0.002698310650885105
		endloop
	endfacet
	facet normal -0.6493227173791819 0.7062811557199938 -0.2820406668729617
		outer loop
			vertex 0.006595826242119074 0.008249999955296516 0.002344157313928008
			vertex 0.005418000277131796 0.007000000216066837 0.00192555773537606
			vertex 0.005105339922010899 0.007000000216066837 0.0026453740429133177
		endloop
	endfacet
	facet normal -0.6493227307887718 0.7062812148002597 -0.28204048805319004
		outer loop
			vertex 0.006595826242119074 0.008249999955296516 0.002344157313928008
			vertex 0.005105339922010899 0.007000000216066837 0.0026453740429133177
			vertex 0.006215196568518877 0.008249999955296516 0.0032204552553594112
		endloop
	endfacet
	facet normal -0.6743240754443259 0.7085354525601454 0.2080013311052243
		outer loop
			vertex 0.004240174312144518 0.005750000011175871 -0.0015069582732394338
			vertex 0.0030253396835178137 0.0044999998062849045 -0.001187358284369111
			vertex 0.0031685156282037497 0.0044999998062849045 -0.0007231930503621697
		endloop
	endfacet
	facet normal -0.6826918926213054 0.7052256918915017 0.19128121508734938
		outer loop
			vertex 0.004240174312144518 0.005750000011175871 -0.0015069582732394338
			vertex 0.0031685156282037497 0.0044999998062849045 -0.0007231930503621697
			vertex 0.004405878484249115 0.005750000011175871 -0.0009155520820058882
		endloop
	endfacet
	facet normal -0.7079314951770134 0.7062811041904197 0
		outer loop
			vertex 0.00573659548535943 0.007000000216066837 -0.00039239387842826545
			vertex 0.004489509388804436 0.005750000011175871 0.000307090871501714
			vertex 0.00573659548535943 0.007000000216066837 0.00039239387842826545
		endloop
	endfacet
	facet normal -0.7079314951770134 0.7062811041904197 0
		outer loop
			vertex 0.00573659548535943 0.007000000216066837 -0.00039239387842826545
			vertex 0.004489509388804436 0.005750000011175871 -0.000307090871501714
			vertex 0.004489509388804436 0.005750000011175871 0.000307090871501714
		endloop
	endfacet
	facet normal -0.6816794329952941 0.7062811509079167 -0.19099760863268203
		outer loop
			vertex 0.0068535883910954 0.008249999955296516 0.0014241921016946435
			vertex 0.005418000277131796 0.007000000216066837 0.00192555773537606
			vertex 0.006595826242119074 0.008249999955296516 0.002344157313928008
		endloop
	endfacet
	facet normal -0.696723560190669 0.7046589976935423 -0.13428319941367126
		outer loop
			vertex 0.0068535883910954 0.008249999955296516 0.0014241921016946435
			vertex 0.008017444983124733 0.009499999694526196 0.0019450112013146281
			vertex 0.008166027255356312 0.009499999694526196 0.001174097415059805
		endloop
	endfacet
	facet normal -0.6778382631731873 0.7102571116915585 -0.18992136338474963
		outer loop
			vertex 0.0068535883910954 0.008249999955296516 0.0014241921016946435
			vertex 0.006595826242119074 0.008249999955296516 0.002344157313928008
			vertex 0.008017444983124733 0.009499999694526196 0.0019450112013146281
		endloop
	endfacet
	facet normal -0.6816794458411042 0.706281082316521 -0.19099781642618036
		outer loop
			vertex 0.0068535883910954 0.008249999955296516 0.0014241921016946435
			vertex 0.005629733670502901 0.007000000216066837 0.0011698721209540963
			vertex 0.005418000277131796 0.007000000216066837 0.00192555773537606
		endloop
	endfacet
	facet normal -0.6352592822621101 0.7091232015736839 0.30592471179967984
		outer loop
			vertex 0.00399548327550292 0.005750000011175871 -0.0020702925976365805
			vertex 0.002814582549035549 0.0044999998062849045 -0.0016250000335276127
			vertex 0.0030253396835178137 0.0044999998062849045 -0.001187358284369111
		endloop
	endfacet
	facet normal -0.6507519273095789 0.7047156633167618 0.28266192346845226
		outer loop
			vertex 0.00399548327550292 0.005750000011175871 -0.0020702925976365805
			vertex 0.0030253396835178137 0.0044999998062849045 -0.001187358284369111
			vertex 0.004240174312144518 0.005750000011175871 -0.0015069582732394338
		endloop
	endfacet
	facet normal -0.7013378305569279 0.7062810818823406 0.09639647713901356
		outer loop
			vertex 0.005629733670502901 0.007000000216066837 -0.0011698721209540963
			vertex 0.004405878484249115 0.005750000011175871 -0.0009155520820058882
			vertex 0.004489509388804436 0.005750000011175871 -0.000307090871501714
		endloop
	endfacet
	facet normal -0.701337793809001 0.706281106814614 0.09639656182586247
		outer loop
			vertex 0.005629733670502901 0.007000000216066837 -0.0011698721209540963
			vertex 0.004489509388804436 0.005750000011175871 -0.000307090871501714
			vertex 0.00573659548535943 0.007000000216066837 -0.00039239387842826545
		endloop
	endfacet
	facet normal -0.701337663479542 0.7062812386767615 -0.09639654391250904
		outer loop
			vertex 0.006983681581914425 0.008249999955296516 0.0004776968853548169
			vertex 0.00573659548535943 0.007000000216066837 0.00039239387842826545
			vertex 0.005629733670502901 0.007000000216066837 0.0011698721209540963
		endloop
	endfacet
	facet normal -0.6960071976745802 0.7116335598683661 -0.09566429456309558
		outer loop
			vertex 0.006983681581914425 0.008249999955296516 0.0004776968853548169
			vertex 0.0068535883910954 0.008249999955296516 0.0014241921016946435
			vertex 0.008166027255356312 0.009499999694526196 0.001174097415059805
		endloop
	endfacet
	facet normal -0.7058251717969218 0.70517253771491 -0.0673982114789383
		outer loop
			vertex 0.006983681581914425 0.008249999955296516 0.0004776968853548169
			vertex 0.008166027255356312 0.009499999694526196 0.001174097415059805
			vertex 0.0082406559959054 0.009499999694526196 0.00039255080628208816
		endloop
	endfacet
	facet normal -0.7013377479438776 0.7062810974425899 -0.09639696418612423
		outer loop
			vertex 0.006983681581914425 0.008249999955296516 0.0004776968853548169
			vertex 0.005629733670502901 0.007000000216066837 0.0011698721209540963
			vertex 0.0068535883910954 0.008249999955296516 0.0014241921016946435
		endloop
	endfacet
	facet normal -0.6065021039317947 0.7043618313321233 0.3688219197509334
		outer loop
			vertex 0.003676364431157708 0.005750000011175871 -0.0025950614362955093
			vertex 0.002814582549035549 0.0044999998062849045 -0.0016250000335276127
			vertex 0.00399548327550292 0.005750000011175871 -0.0020702925976365805
		endloop
	endfacet
	facet normal -0.5822577473233229 0.7094966148003906 0.3969766608615117
		outer loop
			vertex 0.003676364431157708 0.005750000011175871 -0.0025950614362955093
			vertex 0.002540952293202281 0.0044999998062849045 -0.0020263418555259705
			vertex 0.002814582549035549 0.0044999998062849045 -0.0016250000335276127
		endloop
	endfacet
	facet normal -0.681679589016556 0.7062810077826704 0.1909975810415278
		outer loop
			vertex 0.005418000277131796 0.007000000216066837 -0.00192555773537606
			vertex 0.004240174312144518 0.005750000011175871 -0.0015069582732394338
			vertex 0.004405878484249115 0.005750000011175871 -0.0009155520820058882
		endloop
	endfacet
	facet normal -0.6816794459714803 0.7062810821808075 0.19099781646271008
		outer loop
			vertex 0.005418000277131796 0.007000000216066837 -0.00192555773537606
			vertex 0.004405878484249115 0.005750000011175871 -0.0009155520820058882
			vertex 0.005629733670502901 0.007000000216066837 -0.0011698721209540963
		endloop
	endfacet
	facet normal -0.7058251717969218 0.70517253771491 0.0673982114789383
		outer loop
			vertex 0.006983681581914425 0.008249999955296516 -0.0004776968853548169
			vertex 0.0082406559959054 0.009499999694526196 -0.00039255080628208816
			vertex 0.008166027255356312 0.009499999694526196 -0.001174097415059805
		endloop
	endfacet
	facet normal -0.7051368042942543 0.7090712850127882 0
		outer loop
			vertex 0.006983681581914425 0.008249999955296516 -0.0004776968853548169
			vertex 0.0082406559959054 0.009499999694526196 0.00039255080628208816
			vertex 0.0082406559959054 0.009499999694526196 -0.00039255080628208816
		endloop
	endfacet
	facet normal -0.7079313636222492 0.7062812360525678 0
		outer loop
			vertex 0.006983681581914425 0.008249999955296516 -0.0004776968853548169
			vertex 0.00573659548535943 0.007000000216066837 0.00039239387842826545
			vertex 0.006983681581914425 0.008249999955296516 0.0004776968853548169
		endloop
	endfacet
	facet normal -0.7051368042942543 0.7090712850127882 0
		outer loop
			vertex 0.006983681581914425 0.008249999955296516 -0.0004776968853548169
			vertex 0.006983681581914425 0.008249999955296516 0.0004776968853548169
			vertex 0.0082406559959054 0.009499999694526196 0.00039255080628208816
		endloop
	endfacet
	facet normal -0.7079313636222491 0.7062812360525678 0
		outer loop
			vertex 0.006983681581914425 0.008249999955296516 -0.0004776968853548169
			vertex 0.00573659548535943 0.007000000216066837 -0.00039239387842826545
			vertex 0.00573659548535943 0.007000000216066837 0.00039239387842826545
		endloop
	endfacet
	facet normal -0.5507832311987946 0.7041650924827182 0.4480952518818073
		outer loop
			vertex 0.0032887619454413652 0.005750000011175871 -0.003071489045396447
			vertex 0.002540952293202281 0.0044999998062849045 -0.0020263418555259705
			vertex 0.003676364431157708 0.005750000011175871 -0.0025950614362955093
		endloop
	endfacet
	facet normal -0.51647017312197 0.709656480006585 0.4792141907957506
		outer loop
			vertex 0.0032887619454413652 0.005750000011175871 -0.003071489045396447
			vertex 0.0022105614189058542 0.0044999998062849045 -0.002382418606430292
			vertex 0.002540952293202281 0.0044999998062849045 -0.0020263418555259705
		endloop
	endfacet
	facet normal -0.6493225724710726 0.7062811295537709 0.2820410660095408
		outer loop
			vertex 0.005105339922010899 0.007000000216066837 -0.0026453740429133177
			vertex 0.00399548327550292 0.005750000011175871 -0.0020702925976365805
			vertex 0.004240174312144518 0.005750000011175871 -0.0015069582732394338
		endloop
	endfacet
	facet normal -0.6493228500888847 0.7062810106936315 0.2820407245169222
		outer loop
			vertex 0.005105339922010899 0.007000000216066837 -0.0026453740429133177
			vertex 0.004240174312144518 0.005750000011175871 -0.0015069582732394338
			vertex 0.005418000277131796 0.007000000216066837 -0.00192555773537606
		endloop
	endfacet
	facet normal -0.696723560190669 0.7046589976935423 0.13428319941367126
		outer loop
			vertex 0.0068535883910954 0.008249999955296516 -0.0014241921016946435
			vertex 0.008166027255356312 0.009499999694526196 -0.001174097415059805
			vertex 0.008017444983124733 0.009499999694526196 -0.0019450112013146281
		endloop
	endfacet
	facet normal -0.6960071976745802 0.7116335598683661 0.09566429456309558
		outer loop
			vertex 0.0068535883910954 0.008249999955296516 -0.0014241921016946435
			vertex 0.006983681581914425 0.008249999955296516 -0.0004776968853548169
			vertex 0.008166027255356312 0.009499999694526196 -0.001174097415059805
		endloop
	endfacet
	facet normal -0.701337622036914 0.7062812248302474 0.09639694688055482
		outer loop
			vertex 0.0068535883910954 0.008249999955296516 -0.0014241921016946435
			vertex 0.00573659548535943 0.007000000216066837 -0.00039239387842826545
			vertex 0.006983681581914425 0.008249999955296516 -0.0004776968853548169
		endloop
	endfacet
	facet normal -0.701337816757603 0.7062810835961287 0.09639656498007197
		outer loop
			vertex 0.0068535883910954 0.008249999955296516 -0.0014241921016946435
			vertex 0.005629733670502901 0.007000000216066837 -0.0011698721209540963
			vertex 0.00573659548535943 0.007000000216066837 -0.00039239387842826545
		endloop
	endfacet
	facet normal -0.4846641339684529 0.7041257056295045 0.5189486177998376
		outer loop
			vertex 0.002839895663782954 0.005750000011175871 -0.003490700852125883
			vertex 0.0022105614189058542 0.0044999998062849045 -0.002382418606430292
			vertex 0.0032887619454413652 0.005750000011175871 -0.003071489045396447
		endloop
	endfacet
	facet normal -0.4393119006612525 0.7096031914009208 0.5508796281321595
		outer loop
			vertex 0.002839895663782954 0.005750000011175871 -0.003490700852125883
			vertex 0.0018307901918888092 0.0044999998062849045 -0.0026852760929614305
			vertex 0.0022105614189058542 0.0044999998062849045 -0.002382418606430292
		endloop
	endfacet
	facet normal -0.6048704587992717 0.706281136417138 0.3678296948497696
		outer loop
			vertex 0.004697577096521854 0.007000000216066837 -0.0033159118611365557
			vertex 0.003676364431157708 0.005750000011175871 -0.0025950614362955093
			vertex 0.00399548327550292 0.005750000011175871 -0.0020702925976365805
		endloop
	endfacet
	facet normal -0.6048704914031722 0.7062811243645044 0.3678296643775438
		outer loop
			vertex 0.004697577096521854 0.007000000216066837 -0.0033159118611365557
			vertex 0.00399548327550292 0.005750000011175871 -0.0020702925976365805
			vertex 0.005105339922010899 0.007000000216066837 -0.0026453740429133177
		endloop
	endfacet
	facet normal -0.6574888546276232 0.7059917375113034 0.2632186783004336
		outer loop
			vertex 0.006595826242119074 0.008249999955296516 -0.002344157313928008
			vertex 0.0077962568029761314 0.009499999694526196 -0.002698310650885105
			vertex 0.007504464127123356 0.009499999694526196 -0.0034271739423274994
		endloop
	endfacet
	facet normal -0.6780350553208997 0.707553665326791 0.19908860951498014
		outer loop
			vertex 0.006595826242119074 0.008249999955296516 -0.002344157313928008
			vertex 0.008017444983124733 0.009499999694526196 -0.0019450112013146281
			vertex 0.0077962568029761314 0.009499999694526196 -0.002698310650885105
		endloop
	endfacet
	facet normal -0.6816794924289717 0.7062810890411747 0.1909976252852166
		outer loop
			vertex 0.006595826242119074 0.008249999955296516 -0.002344157313928008
			vertex 0.005629733670502901 0.007000000216066837 -0.0011698721209540963
			vertex 0.0068535883910954 0.008249999955296516 -0.0014241921016946435
		endloop
	endfacet
	facet normal -0.681679373487064 0.7062811576325584 0.19099779615350856
		outer loop
			vertex 0.006595826242119074 0.008249999955296516 -0.002344157313928008
			vertex 0.005418000277131796 0.007000000216066837 -0.00192555773537606
			vertex 0.005629733670502901 0.007000000216066837 -0.0011698721209540963
		endloop
	endfacet
	facet normal -0.6778382631731873 0.7102571116915585 0.18992136338474963
		outer loop
			vertex 0.006595826242119074 0.008249999955296516 -0.002344157313928008
			vertex 0.0068535883910954 0.008249999955296516 -0.0014241921016946435
			vertex 0.008017444983124733 0.009499999694526196 -0.0019450112013146281
		endloop
	endfacet
	facet normal -0.3524347317783337 0.709336652203591 0.6104353148998966
		outer loop
			vertex 0.002338127698749304 0.005750000011175871 -0.003844887251034379
			vertex 0.0014101221458986402 0.0044999998062849045 -0.0029281487222760916
			vertex 0.0018307901918888092 0.0044999998062849045 -0.0026852760929614305
		endloop
	endfacet
	facet normal -0.40941885435213365 0.7042437940606371 0.5800145517382003
		outer loop
			vertex 0.002338127698749304 0.005750000011175871 -0.003844887251034379
			vertex 0.0018307901918888092 0.0044999998062849045 -0.0026852760929614305
			vertex 0.002839895663782954 0.005750000011175871 -0.003490700852125883
		endloop
	endfacet
	facet normal -0.5491502552023596 0.7062811258256868 0.4467672419880218
		outer loop
			vertex 0.0042023067362606525 0.007000000216066837 -0.003924680408090353
			vertex 0.003676364431157708 0.005750000011175871 -0.0025950614362955093
			vertex 0.004697577096521854 0.007000000216066837 -0.0033159118611365557
		endloop
	endfacet
	facet normal -0.5491505934921341 0.7062810139646912 0.4467670030119108
		outer loop
			vertex 0.0042023067362606525 0.007000000216066837 -0.003924680408090353
			vertex 0.0032887619454413652 0.005750000011175871 -0.003071489045396447
			vertex 0.003676364431157708 0.005750000011175871 -0.0025950614362955093
		endloop
	endfacet
	facet normal -0.6308512058046273 0.7044532744259662 0.3252265983670189
		outer loop
			vertex 0.006215196568518877 0.008249999955296516 -0.0032204552553594112
			vertex 0.007504464127123356 0.009499999694526196 -0.0034271739423274994
			vertex 0.007144709583371878 0.009499999694526196 -0.004124999977648258
		endloop
	endfacet
	facet normal -0.64932265801614 0.7062812205924434 0.282040641087953
		outer loop
			vertex 0.006215196568518877 0.008249999955296516 -0.0032204552553594112
			vertex 0.005105339922010899 0.007000000216066837 -0.0026453740429133177
			vertex 0.005418000277131796 0.007000000216066837 -0.00192555773537606
		endloop
	endfacet
	facet normal -0.6447156037988783 0.7112803687372344 0.28003933164338113
		outer loop
			vertex 0.006215196568518877 0.008249999955296516 -0.0032204552553594112
			vertex 0.006595826242119074 0.008249999955296516 -0.002344157313928008
			vertex 0.007504464127123356 0.009499999694526196 -0.0034271739423274994
		endloop
	endfacet
	facet normal -0.6493227795512903 0.7062811615121604 0.28204050923372764
		outer loop
			vertex 0.006215196568518877 0.008249999955296516 -0.0032204552553594112
			vertex 0.005418000277131796 0.007000000216066837 -0.00192555773537606
			vertex 0.006595826242119074 0.008249999955296516 -0.002344157313928008
		endloop
	endfacet
	facet normal -0.32650124425061816 0.7045191805174883 0.6301187679999422
		outer loop
			vertex 0.0017928049201145768 0.005750000011175871 -0.004127450753003359
			vertex 0.0014101221458986402 0.0044999998062849045 -0.0029281487222760916
			vertex 0.002338127698749304 0.005750000011175871 -0.003844887251034379
		endloop
	endfacet
	facet normal -0.2576944198033389 0.7088562243322796 0.6565945775191915
		outer loop
			vertex 0.0017928049201145768 0.005750000011175871 -0.004127450753003359
			vertex 0.0009579543257132173 0.0044999998062849045 -0.00310561154037714
			vertex 0.0014101221458986402 0.0044999998062849045 -0.0029281487222760916
		endloop
	endfacet
	facet normal -0.48320101998798615 0.7062810248411158 0.5173817625621849
		outer loop
			vertex 0.003628755686804652 0.007000000216066837 -0.004460339900106192
			vertex 0.0032887619454413652 0.005750000011175871 -0.003071489045396447
			vertex 0.0042023067362606525 0.007000000216066837 -0.003924680408090353
		endloop
	endfacet
	facet normal -0.4832008673746276 0.7062810712714848 0.5173818417107537
		outer loop
			vertex 0.003628755686804652 0.007000000216066837 -0.004460339900106192
			vertex 0.002839895663782954 0.005750000011175871 -0.003490700852125883
			vertex 0.0032887619454413652 0.005750000011175871 -0.003071489045396447
		endloop
	endfacet
	facet normal -0.5558183297101518 0.707113305754793 0.4371003971432031
		outer loop
			vertex 0.00571878906339407 0.008249999955296516 -0.004036762285977602
			vertex 0.006720251403748989 0.009499999694526196 -0.004785469733178616
			vertex 0.006234934087842703 0.009499999694526196 -0.005402600858360529
		endloop
	endfacet
	facet normal -0.5955069979327023 0.7063321631869933 0.3827091462988089
		outer loop
			vertex 0.00571878906339407 0.008249999955296516 -0.004036762285977602
			vertex 0.007144709583371878 0.009499999694526196 -0.004124999977648258
			vertex 0.006720251403748989 0.009499999694526196 -0.004785469733178616
		endloop
	endfacet
	facet normal -0.6048702489022597 0.706281210776165 0.3678298972316862
		outer loop
			vertex 0.00571878906339407 0.008249999955296516 -0.004036762285977602
			vertex 0.005105339922010899 0.007000000216066837 -0.0026453740429133177
			vertex 0.006215196568518877 0.008249999955296516 -0.0032204552553594112
		endloop
	endfacet
	facet normal -0.6007483463934301 0.7110838925105334 0.3653233117631937
		outer loop
			vertex 0.00571878906339407 0.008249999955296516 -0.004036762285977602
			vertex 0.006215196568518877 0.008249999955296516 -0.0032204552553594112
			vertex 0.007144709583371878 0.009499999694526196 -0.004124999977648258
		endloop
	endfacet
	facet normal -0.6048705143746924 0.7062810974161532 0.36782967834682595
		outer loop
			vertex 0.00571878906339407 0.008249999955296516 -0.004036762285977602
			vertex 0.004697577096521854 0.007000000216066837 -0.0033159118611365557
			vertex 0.005105339922010899 0.007000000216066837 -0.0026453740429133177
		endloop
	endfacet
	facet normal -0.15711125661386824 0.7081605986493718 0.6883491988560565
		outer loop
			vertex 0.0012140854960307479 0.005750000011175871 -0.00433312775567174
			vertex 0.00048438736121170223 0.0044999998062849045 -0.0032137001398950815
			vertex 0.0009579543257132173 0.0044999998062849045 -0.00310561154037714
		endloop
	endfacet
	facet normal -0.23751538850211773 0.7049511824708788 0.6683040255434631
		outer loop
			vertex 0.0012140854960307479 0.005750000011175871 -0.00433312775567174
			vertex 0.0009579543257132173 0.0044999998062849045 -0.00310561154037714
			vertex 0.0017928049201145768 0.005750000011175871 -0.004127450753003359
		endloop
	endfacet
	facet normal -0.40825011030957603 0.7062810523504413 0.5783588181423123
		outer loop
			vertex 0.002987607615068555 0.007000000216066837 -0.00491291144862771
			vertex 0.002338127698749304 0.005750000011175871 -0.003844887251034379
			vertex 0.002839895663782954 0.005750000011175871 -0.003490700852125883
		endloop
	endfacet
	facet normal -0.40825007904059724 0.7062810613140482 0.5783588292681697
		outer loop
			vertex 0.002987607615068555 0.007000000216066837 -0.00491291144862771
			vertex 0.002839895663782954 0.005750000011175871 -0.003490700852125883
			vertex 0.003628755686804652 0.007000000216066837 -0.004460339900106192
		endloop
	endfacet
	facet normal -0.5135965808378274 0.704556115383704 0.4897134186716939
		outer loop
			vertex 0.0051158517599105835 0.008249999955296516 -0.0047778720036149025
			vertex 0.006234934087842703 0.009499999694526196 -0.005402600858360529
			vertex 0.005693151615560055 0.009499999694526196 -0.005970805883407593
		endloop
	endfacet
	facet normal -0.5491501572175538 0.7062812524369408 0.4467671622714032
		outer loop
			vertex 0.0051158517599105835 0.008249999955296516 -0.0047778720036149025
			vertex 0.0042023067362606525 0.007000000216066837 -0.003924680408090353
			vertex 0.004697577096521854 0.007000000216066837 -0.0033159118611365557
		endloop
	endfacet
	facet normal -0.5458091816873841 0.7105724436007302 0.444048577951822
		outer loop
			vertex 0.0051158517599105835 0.008249999955296516 -0.0047778720036149025
			vertex 0.00571878906339407 0.008249999955296516 -0.004036762285977602
			vertex 0.006234934087842703 0.009499999694526196 -0.005402600858360529
		endloop
	endfacet
	facet normal -0.5491505066296808 0.7062811171612395 0.44676694663978506
		outer loop
			vertex 0.0051158517599105835 0.008249999955296516 -0.0047778720036149025
			vertex 0.004697577096521854 0.007000000216066837 -0.0033159118611365557
			vertex 0.00571878906339407 0.008249999955296516 -0.004036762285977602
		endloop
	endfacet
	facet normal -0.05283176822031196 0.7072479383770589 0.7049887643984939
		outer loop
			vertex 0.0006127498927526176 0.005750000011175871 -0.0044580865651369095
			vertex 7.041719278287623e-19 0.0044999998062849045 -0.0032500000670552254
			vertex 0.00048438736121170223 0.0044999998062849045 -0.0032137001398950815
		endloop
	endfacet
	facet normal -0.1441832409184518 0.7055388567489028 0.6938487692975343
		outer loop
			vertex 0.0006127498927526176 0.005750000011175871 -0.0044580865651369095
			vertex 0.00048438736121170223 0.0044999998062849045 -0.0032137001398950815
			vertex 0.0012140854960307479 0.005750000011175871 -0.00433312775567174
		endloop
	endfacet
	facet normal -0.32569452539351684 0.7062811409132792 0.6285618713531139
		outer loop
			vertex 0.0022908062674105167 0.007000000216066837 -0.005273965187370777
			vertex 0.0017928049201145768 0.005750000011175871 -0.004127450753003359
			vertex 0.002338127698749304 0.005750000011175871 -0.003844887251034379
		endloop
	endfacet
	facet normal -0.3256948226399083 0.7062810589132884 0.6285618094713381
		outer loop
			vertex 0.0022908062674105167 0.007000000216066837 -0.005273965187370777
			vertex 0.002338127698749304 0.005750000011175871 -0.003844887251034379
			vertex 0.002987607615068555 0.007000000216066837 -0.00491291144862771
		endloop
	endfacet
	facet normal -0.40933344340388766 0.7085327791538051 0.5748281769152428
		outer loop
			vertex 0.0044176154769957066 0.008249999955296516 -0.0054299789480865
			vertex 0.005099811591207981 0.009499999694526196 -0.006484937854111195
			vertex 0.0044602868147194386 0.009499999694526196 -0.006940341554582119
		endloop
	endfacet
	facet normal -0.46416380149278186 0.7054117104022777 0.535673673248091
		outer loop
			vertex 0.0044176154769957066 0.008249999955296516 -0.0054299789480865
			vertex 0.005693151615560055 0.009499999694526196 -0.005970805883407593
			vertex 0.005099811591207981 0.009499999694526196 -0.006484937854111195
		endloop
	endfacet
	facet normal -0.47958249782165263 0.7115550066114144 0.5135076439054969
		outer loop
			vertex 0.0044176154769957066 0.008249999955296516 -0.0054299789480865
			vertex 0.0051158517599105835 0.008249999955296516 -0.0047778720036149025
			vertex 0.005693151615560055 0.009499999694526196 -0.005970805883407593
		endloop
	endfacet
	facet normal -0.48320093314921553 0.7062811523647768 0.5173816695806011
		outer loop
			vertex 0.0044176154769957066 0.008249999955296516 -0.0054299789480865
			vertex 0.003628755686804652 0.007000000216066837 -0.004460339900106192
			vertex 0.0042023067362606525 0.007000000216066837 -0.003924680408090353
		endloop
	endfacet
	facet normal -0.4832006860460566 0.7062812413802803 0.5173817788431968
		outer loop
			vertex 0.0044176154769957066 0.008249999955296516 -0.0054299789480865
			vertex 0.0042023067362606525 0.007000000216066837 -0.003924680408090353
			vertex 0.0051158517599105835 0.008249999955296516 -0.0047778720036149025
		endloop
	endfacet
	facet normal -0.23707148261080277 0.7062811346204219 0.6670562727476635
		outer loop
			vertex 0.0015513314865529537 0.007000000216066837 -0.005536774173378944
			vertex 0.0017928049201145768 0.005750000011175871 -0.004127450753003359
			vertex 0.0022908062674105167 0.007000000216066837 -0.005273965187370777
		endloop
	endfacet
	facet normal -0.2370719260630191 0.7062810145723498 0.667056242252048
		outer loop
			vertex 0.0015513314865529537 0.007000000216066837 -0.005536774173378944
			vertex 0.0012140854960307479 0.005750000011175871 -0.00433312775567174
			vertex 0.0017928049201145768 0.005750000011175871 -0.004127450753003359
		endloop
	endfacet
	facet normal -0.35462007654069194 0.7049671859095509 0.6142197229860359
		outer loop
			vertex 0.0036370877642184496 0.008249999955296516 -0.005980935879051685
			vertex 0.0044602868147194386 0.009499999694526196 -0.006940341554582119
			vertex 0.0037803687155246735 0.009499999694526196 -0.007332892622798681
		endloop
	endfacet
	facet normal -0.40638601043289857 0.7095067148369172 0.5757174933296343
		outer loop
			vertex 0.0036370877642184496 0.008249999955296516 -0.005980935879051685
			vertex 0.0044176154769957066 0.008249999955296516 -0.0054299789480865
			vertex 0.0044602868147194386 0.009499999694526196 -0.006940341554582119
		endloop
	endfacet
	facet normal -0.4082499547155731 0.7062812774052585 0.5783586531396664
		outer loop
			vertex 0.0036370877642184496 0.008249999955296516 -0.005980935879051685
			vertex 0.002987607615068555 0.007000000216066837 -0.00491291144862771
			vertex 0.003628755686804652 0.007000000216066837 -0.004460339900106192
		endloop
	endfacet
	facet normal -0.4082502797425745 0.7062811659893334 0.5783585597696791
		outer loop
			vertex 0.0036370877642184496 0.008249999955296516 -0.005980935879051685
			vertex 0.003628755686804652 0.007000000216066837 -0.004460339900106192
			vertex 0.0044176154769957066 0.008249999955296516 -0.0054299789480865
		endloop
	endfacet
	facet normal -0.048311276422008755 0.706281112790961 0.706281112790961
		outer loop
			vertex 0.0007829582318663597 0.007000000216066837 -0.005696444306522608
			vertex 1.0103335996160237e-18 0.009499999694526196 -0.008249999955296516
			vertex 7.041719278287623e-19 0.0044999998062849045 -0.0032500000670552254
		endloop
	endfacet
	facet normal -0.0483118564667653 0.7062811849810069 0.7062810009242494
		outer loop
			vertex 0.0007829582318663597 0.007000000216066837 -0.005696444306522608
			vertex 7.041719278287623e-19 0.0044999998062849045 -0.0032500000670552254
			vertex 0.0006127498927526176 0.005750000011175871 -0.0044580865651369095
		endloop
	endfacet
	facet normal -0.14403272500053865 0.7062811596832642 0.6931244459730032
		outer loop
			vertex 0.0007829582318663597 0.007000000216066837 -0.005696444306522608
			vertex 0.0006127498927526176 0.005750000011175871 -0.0044580865651369095
			vertex 0.0012140854960307479 0.005750000011175871 -0.00433312775567174
		endloop
	endfacet
	facet normal -0.14403322517023442 0.7062810242877448 0.6931244800020518
		outer loop
			vertex 0.0007829582318663597 0.007000000216066837 -0.005696444306522608
			vertex 0.0012140854960307479 0.005750000011175871 -0.00433312775567174
			vertex 0.0015513314865529537 0.007000000216066837 -0.005536774173378944
		endloop
	endfacet
	facet normal -0.2946993374188956 0.7047959754225621 0.6453022032761265
		outer loop
			vertex 0.0027888077311217785 0.008249999955296516 -0.006420479156076908
			vertex 0.0037803687155246735 0.009499999694526196 -0.007332892622798681
			vertex 0.0030662151984870434 0.009499999694526196 -0.0076590352691709995
		endloop
	endfacet
	facet normal -0.32569477595489543 0.7062811606251329 0.6285617193734485
		outer loop
			vertex 0.0027888077311217785 0.008249999955296516 -0.006420479156076908
			vertex 0.0022908062674105167 0.007000000216066837 -0.005273965187370777
			vertex 0.002987607615068555 0.007000000216066837 -0.00491291144862771
		endloop
	endfacet
	facet normal -0.3232008483701046 0.711672663394938 0.6237493340992036
		outer loop
			vertex 0.0027888077311217785 0.008249999955296516 -0.006420479156076908
			vertex 0.0036370877642184496 0.008249999955296516 -0.005980935879051685
			vertex 0.0037803687155246735 0.009499999694526196 -0.007332892622798681
		endloop
	endfacet
	facet normal -0.32569444974816325 0.7062812692094169 0.6285617663898881
		outer loop
			vertex 0.0027888077311217785 0.008249999955296516 -0.006420479156076908
			vertex 0.002987607615068555 0.007000000216066837 -0.00491291144862771
			vertex 0.0036370877642184496 0.008249999955296516 -0.005980935879051685
		endloop
	endfacet
	facet normal -0.1670413350115017 0.7056848547709561 0.6885536131228054
		outer loop
			vertex 0.0018885773606598377 0.008249999955296516 -0.0067404210567474365
			vertex 0.002324293600395322 0.009499999694526196 -0.007915817201137543
			vertex 0.0015613227151334286 0.009499999694526196 -0.008100911974906921
		endloop
	endfacet
	facet normal -0.2309709444286932 0.7080268825408649 0.6673457547847157
		outer loop
			vertex 0.0018885773606598377 0.008249999955296516 -0.0067404210567474365
			vertex 0.0030662151984870434 0.009499999694526196 -0.0076590352691709995
			vertex 0.002324293600395322 0.009499999694526196 -0.007915817201137543
		endloop
	endfacet
	facet normal -0.2358558594415698 0.7099019282552483 0.6636348889461423
		outer loop
			vertex 0.0018885773606598377 0.008249999955296516 -0.0067404210567474365
			vertex 0.0027888077311217785 0.008249999955296516 -0.006420479156076908
			vertex 0.0030662151984870434 0.009499999694526196 -0.0076590352691709995
		endloop
	endfacet
	facet normal -0.2370714358611731 0.7062812745480906 0.6670561412066053
		outer loop
			vertex 0.0018885773606598377 0.008249999955296516 -0.0067404210567474365
			vertex 0.0015513314865529537 0.007000000216066837 -0.005536774173378944
			vertex 0.0022908062674105167 0.007000000216066837 -0.005273965187370777
		endloop
	endfacet
	facet normal -0.23707177181506667 0.7062811638607164 0.6670561390048195
		outer loop
			vertex 0.0018885773606598377 0.008249999955296516 -0.0067404210567474365
			vertex 0.0022908062674105167 0.007000000216066837 -0.005273965187370777
			vertex 0.0027888077311217785 0.008249999955296516 -0.006420479156076908
		endloop
	endfacet
	facet normal -0.1440328354408596 0.7062812669397102 0.6931243137308807
		outer loop
			vertex 0.0009531665709801018 0.008249999955296516 -0.006934801582247019
			vertex 0.0015513314865529537 0.007000000216066837 -0.005536774173378944
			vertex 0.0018885773606598377 0.008249999955296516 -0.0067404210567474365
		endloop
	endfacet
	facet normal -0.033399049984683384 0.7122418620247883 0.7011390970696064
		outer loop
			vertex 0.0009531665709801018 0.008249999955296516 -0.006934801582247019
			vertex 0.0007842123741284013 0.009499999694526196 -0.008212643675506115
			vertex 1.0103335996160237e-18 0.009499999694526196 -0.008249999955296516
		endloop
	endfacet
	facet normal -0.10100324342128505 0.7044876456191278 0.7024923501280274
		outer loop
			vertex 0.0009531665709801018 0.008249999955296516 -0.006934801582247019
			vertex 0.0015613227151334286 0.009499999694526196 -0.008100911974906921
			vertex 0.0007842123741284013 0.009499999694526196 -0.008212643675506115
		endloop
	endfacet
	facet normal -0.14297855928847183 0.7114373833958305 0.6880508564711529
		outer loop
			vertex 0.0009531665709801018 0.008249999955296516 -0.006934801582247019
			vertex 0.0018885773606598377 0.008249999955296516 -0.0067404210567474365
			vertex 0.0015613227151334286 0.009499999694526196 -0.008100911974906921
		endloop
	endfacet
	facet normal -0.04831104297145009 0.7062811570288375 0.7062810845216071
		outer loop
			vertex 0.0009531665709801018 0.008249999955296516 -0.006934801582247019
			vertex 1.0103335996160237e-18 0.009499999694526196 -0.008249999955296516
			vertex 0.0007829582318663597 0.007000000216066837 -0.005696444306522608
		endloop
	endfacet
	facet normal -0.14403320054034344 0.7062811456279591 0.6931243614767576
		outer loop
			vertex 0.0009531665709801018 0.008249999955296516 -0.006934801582247019
			vertex 0.0007829582318663597 0.007000000216066837 -0.005696444306522608
			vertex 0.0015513314865529537 0.007000000216066837 -0.005536774173378944
		endloop
	endfacet
	facet normal -0.07473032426656188 3.8132606604383294e-18 0.9972037798940668
		outer loop
			vertex 0.00048438736121170223 -0.00930000003427267 -0.0032137001398950815
			vertex 7.041719278287623e-19 0.0044999998062849045 -0.0032500000670552254
			vertex 0 -0.00930000003427267 -0.0032500000670552254
		endloop
	endfacet
	facet normal -0.074730324266562 0 0.9972037798940669
		outer loop
			vertex 0.00048438736121170223 -0.00930000003427267 -0.0032137001398950815
			vertex 0.00048438736121170223 0.0044999998062849045 -0.0032137001398950815
			vertex 7.041719278287623e-19 0.0044999998062849045 -0.0032500000670552254
		endloop
	endfacet
	facet normal -0.22252099301841008 0 0.9749278987012838
		outer loop
			vertex 0.0009579543257132173 -0.00930000003427267 -0.00310561154037714
			vertex 0.0009579543257132173 0.0044999998062849045 -0.00310561154037714
			vertex 0.00048438736121170223 0.0044999998062849045 -0.0032137001398950815
		endloop
	endfacet
	facet normal -0.22252099301841008 0 0.9749278987012838
		outer loop
			vertex 0.0009579543257132173 -0.00930000003427267 -0.00310561154037714
			vertex 0.00048438736121170223 0.0044999998062849045 -0.0032137001398950815
			vertex 0.00048438736121170223 -0.00930000003427267 -0.0032137001398950815
		endloop
	endfacet
	facet normal -0.36534107058687504 0 0.9308737305040014
		outer loop
			vertex 0.0014101221458986402 -0.00930000003427267 -0.0029281487222760916
			vertex 0.0014101221458986402 0.0044999998062849045 -0.0029281487222760916
			vertex 0.0009579543257132173 0.0044999998062849045 -0.00310561154037714
		endloop
	endfacet
	facet normal -0.36534107058687504 0 0.9308737305040014
		outer loop
			vertex 0.0014101221458986402 -0.00930000003427267 -0.0029281487222760916
			vertex 0.0009579543257132173 0.0044999998062849045 -0.00310561154037714
			vertex 0.0009579543257132173 -0.00930000003427267 -0.00310561154037714
		endloop
	endfacet
	facet normal -0.4999997216486161 0 0.8660255644906256
		outer loop
			vertex 0.0018307901918888092 -0.00930000003427267 -0.0026852760929614305
			vertex 0.0018307901918888092 0.0044999998062849045 -0.0026852760929614305
			vertex 0.0014101221458986402 0.0044999998062849045 -0.0029281487222760916
		endloop
	endfacet
	facet normal -0.4999997216486161 0 0.8660255644906256
		outer loop
			vertex 0.0018307901918888092 -0.00930000003427267 -0.0026852760929614305
			vertex 0.0014101221458986402 0.0044999998062849045 -0.0029281487222760916
			vertex 0.0014101221458986402 -0.00930000003427267 -0.0029281487222760916
		endloop
	endfacet
	facet normal -0.6234898510894888 0 0.7818314432078102
		outer loop
			vertex 0.0022105614189058542 -0.00930000003427267 -0.002382418606430292
			vertex 0.0022105614189058542 0.0044999998062849045 -0.002382418606430292
			vertex 0.0018307901918888092 0.0044999998062849045 -0.0026852760929614305
		endloop
	endfacet
	facet normal -0.6234898510894888 0 0.7818314432078102
		outer loop
			vertex 0.0022105614189058542 -0.00930000003427267 -0.002382418606430292
			vertex 0.0018307901918888092 0.0044999998062849045 -0.0026852760929614305
			vertex 0.0018307901918888092 -0.00930000003427267 -0.0026852760929614305
		endloop
	endfacet
	facet normal -0.7330519413959554 0 0.6801726627964556
		outer loop
			vertex 0.002540952293202281 -0.00930000003427267 -0.0020263418555259705
			vertex 0.002540952293202281 0.0044999998062849045 -0.0020263418555259705
			vertex 0.0022105614189058542 0.0044999998062849045 -0.002382418606430292
		endloop
	endfacet
	facet normal -0.7330519413959554 0 0.6801726627964556
		outer loop
			vertex 0.002540952293202281 -0.00930000003427267 -0.0020263418555259705
			vertex 0.0022105614189058542 0.0044999998062849045 -0.002382418606430292
			vertex 0.0022105614189058542 -0.00930000003427267 -0.002382418606430292
		endloop
	endfacet
	facet normal -0.8262387410047443 0 0.5633201069222501
		outer loop
			vertex 0.002814582549035549 -0.00930000003427267 -0.0016250000335276127
			vertex 0.002814582549035549 0.0044999998062849045 -0.0016250000335276127
			vertex 0.002540952293202281 0.0044999998062849045 -0.0020263418555259705
		endloop
	endfacet
	facet normal -0.8262387410047443 0 0.5633201069222501
		outer loop
			vertex 0.002814582549035549 -0.00930000003427267 -0.0016250000335276127
			vertex 0.002540952293202281 0.0044999998062849045 -0.0020263418555259705
			vertex 0.002540952293202281 -0.00930000003427267 -0.0020263418555259705
		endloop
	endfacet
	facet normal -0.9009688872516124 0 0.4338836989385421
		outer loop
			vertex 0.0030253396835178137 -0.00930000003427267 -0.001187358284369111
			vertex 0.0030253396835178137 0.0044999998062849045 -0.001187358284369111
			vertex 0.002814582549035549 0.0044999998062849045 -0.0016250000335276127
		endloop
	endfacet
	facet normal -0.9009688872516124 0 0.4338836989385421
		outer loop
			vertex 0.0030253396835178137 -0.00930000003427267 -0.001187358284369111
			vertex 0.002814582549035549 0.0044999998062849045 -0.0016250000335276127
			vertex 0.002814582549035549 -0.00930000003427267 -0.0016250000335276127
		endloop
	endfacet
	facet normal -0.9555728454233 0 0.2947550459103597
		outer loop
			vertex 0.0031685156282037497 -0.00930000003427267 -0.0007231930503621697
			vertex 0.0031685156282037497 0.0044999998062849045 -0.0007231930503621697
			vertex 0.0030253396835178137 0.0044999998062849045 -0.001187358284369111
		endloop
	endfacet
	facet normal -0.9555728454233 0 0.2947550459103597
		outer loop
			vertex 0.0031685156282037497 -0.00930000003427267 -0.0007231930503621697
			vertex 0.0030253396835178137 0.0044999998062849045 -0.001187358284369111
			vertex 0.0030253396835178137 -0.00930000003427267 -0.001187358284369111
		endloop
	endfacet
	facet normal -0.988830766315726 0 0.14904266364854887
		outer loop
			vertex 0.003240912454202771 -0.00930000003427267 -0.00024287280393764377
			vertex 0.003240912454202771 0.0044999998062849045 -0.00024287280393764377
			vertex 0.0031685156282037497 0.0044999998062849045 -0.0007231930503621697
		endloop
	endfacet
	facet normal -0.988830766315726 0 0.14904266364854887
		outer loop
			vertex 0.003240912454202771 -0.00930000003427267 -0.00024287280393764377
			vertex 0.0031685156282037497 0.0044999998062849045 -0.0007231930503621697
			vertex 0.0031685156282037497 -0.00930000003427267 -0.0007231930503621697
		endloop
	endfacet
	facet normal -1 0 0
		outer loop
			vertex 0.003240912454202771 -0.00930000003427267 0.00024287280393764377
			vertex 0.003240912454202771 0.0044999998062849045 0.00024287280393764377
			vertex 0.003240912454202771 0.0044999998062849045 -0.00024287280393764377
		endloop
	endfacet
	facet normal -1 0 0
		outer loop
			vertex 0.003240912454202771 -0.00930000003427267 0.00024287280393764377
			vertex 0.003240912454202771 0.0044999998062849045 -0.00024287280393764377
			vertex 0.003240912454202771 -0.00930000003427267 -0.00024287280393764377
		endloop
	endfacet
	facet normal -0.988830766315726 0 -0.14904266364854887
		outer loop
			vertex 0.0031685156282037497 -0.00930000003427267 0.0007231930503621697
			vertex 0.0031685156282037497 0.0044999998062849045 0.0007231930503621697
			vertex 0.003240912454202771 0.0044999998062849045 0.00024287280393764377
		endloop
	endfacet
	facet normal -0.988830766315726 0 -0.14904266364854887
		outer loop
			vertex 0.0031685156282037497 -0.00930000003427267 0.0007231930503621697
			vertex 0.003240912454202771 0.0044999998062849045 0.00024287280393764377
			vertex 0.003240912454202771 -0.00930000003427267 0.00024287280393764377
		endloop
	endfacet
	facet normal -0.9555728454233 0 -0.2947550459103597
		outer loop
			vertex 0.0030253396835178137 -0.00930000003427267 0.001187358284369111
			vertex 0.0030253396835178137 0.0044999998062849045 0.001187358284369111
			vertex 0.0031685156282037497 0.0044999998062849045 0.0007231930503621697
		endloop
	endfacet
	facet normal -0.9555728454233 0 -0.2947550459103597
		outer loop
			vertex 0.0030253396835178137 -0.00930000003427267 0.001187358284369111
			vertex 0.0031685156282037497 0.0044999998062849045 0.0007231930503621697
			vertex 0.0031685156282037497 -0.00930000003427267 0.0007231930503621697
		endloop
	endfacet
	facet normal -0.9009688872516124 0 -0.4338836989385421
		outer loop
			vertex 0.002814582549035549 -0.00930000003427267 0.0016250000335276127
			vertex 0.0030253396835178137 0.0044999998062849045 0.001187358284369111
			vertex 0.0030253396835178137 -0.00930000003427267 0.001187358284369111
		endloop
	endfacet
	facet normal -0.9009688872516124 0 -0.4338836989385421
		outer loop
			vertex 0.002814582549035549 -0.00930000003427267 0.0016250000335276127
			vertex 0.002814582549035549 0.0044999998062849045 0.0016250000335276127
			vertex 0.0030253396835178137 0.0044999998062849045 0.001187358284369111
		endloop
	endfacet
	facet normal -0.8262387410047443 0 -0.5633201069222501
		outer loop
			vertex 0.002540952293202281 -0.00930000003427267 0.0020263418555259705
			vertex 0.002814582549035549 0.0044999998062849045 0.0016250000335276127
			vertex 0.002814582549035549 -0.00930000003427267 0.0016250000335276127
		endloop
	endfacet
	facet normal -0.8262387410047443 0 -0.5633201069222501
		outer loop
			vertex 0.002540952293202281 -0.00930000003427267 0.0020263418555259705
			vertex 0.002540952293202281 0.0044999998062849045 0.0020263418555259705
			vertex 0.002814582549035549 0.0044999998062849045 0.0016250000335276127
		endloop
	endfacet
	facet normal -0.7330519413959554 0 -0.6801726627964556
		outer loop
			vertex 0.0022105614189058542 -0.00930000003427267 0.002382418606430292
			vertex 0.002540952293202281 0.0044999998062849045 0.0020263418555259705
			vertex 0.002540952293202281 -0.00930000003427267 0.0020263418555259705
		endloop
	endfacet
	facet normal -0.7330519413959554 0 -0.6801726627964556
		outer loop
			vertex 0.0022105614189058542 -0.00930000003427267 0.002382418606430292
			vertex 0.0022105614189058542 0.0044999998062849045 0.002382418606430292
			vertex 0.002540952293202281 0.0044999998062849045 0.0020263418555259705
		endloop
	endfacet
	facet normal -0.6234898510894888 0 -0.7818314432078102
		outer loop
			vertex 0.0018307901918888092 -0.00930000003427267 0.0026852760929614305
			vertex 0.0022105614189058542 0.0044999998062849045 0.002382418606430292
			vertex 0.0022105614189058542 -0.00930000003427267 0.002382418606430292
		endloop
	endfacet
	facet normal -0.6234898510894888 0 -0.7818314432078102
		outer loop
			vertex 0.0018307901918888092 -0.00930000003427267 0.0026852760929614305
			vertex 0.0018307901918888092 0.0044999998062849045 0.0026852760929614305
			vertex 0.0022105614189058542 0.0044999998062849045 0.002382418606430292
		endloop
	endfacet
	facet normal -0.4999997216486161 0 -0.8660255644906256
		outer loop
			vertex 0.0014101221458986402 -0.00930000003427267 0.0029281487222760916
			vertex 0.0018307901918888092 0.0044999998062849045 0.0026852760929614305
			vertex 0.0018307901918888092 -0.00930000003427267 0.0026852760929614305
		endloop
	endfacet
	facet normal -0.4999997216486161 0 -0.8660255644906256
		outer loop
			vertex 0.0014101221458986402 -0.00930000003427267 0.0029281487222760916
			vertex 0.0014101221458986402 0.0044999998062849045 0.0029281487222760916
			vertex 0.0018307901918888092 0.0044999998062849045 0.0026852760929614305
		endloop
	endfacet
	facet normal -0.36534107058687504 0 -0.9308737305040014
		outer loop
			vertex 0.0009579543257132173 -0.00930000003427267 0.00310561154037714
			vertex 0.0014101221458986402 0.0044999998062849045 0.0029281487222760916
			vertex 0.0014101221458986402 -0.00930000003427267 0.0029281487222760916
		endloop
	endfacet
	facet normal -0.36534107058687504 0 -0.9308737305040014
		outer loop
			vertex 0.0009579543257132173 -0.00930000003427267 0.00310561154037714
			vertex 0.0009579543257132173 0.0044999998062849045 0.00310561154037714
			vertex 0.0014101221458986402 0.0044999998062849045 0.0029281487222760916
		endloop
	endfacet
	facet normal -0.22252099301841008 0 -0.9749278987012838
		outer loop
			vertex 0.00048438736121170223 -0.00930000003427267 0.0032137001398950815
			vertex 0.0009579543257132173 0.0044999998062849045 0.00310561154037714
			vertex 0.0009579543257132173 -0.00930000003427267 0.00310561154037714
		endloop
	endfacet
	facet normal -0.22252099301841008 0 -0.9749278987012838
		outer loop
			vertex 0.00048438736121170223 -0.00930000003427267 0.0032137001398950815
			vertex 0.00048438736121170223 0.0044999998062849045 0.0032137001398950815
			vertex 0.0009579543257132173 0.0044999998062849045 0.00310561154037714
		endloop
	endfacet
	facet normal -0.07473032426656195 0 -0.9972037798940668
		outer loop
			vertex 4.1025666501034857e-19 -0.00930000003427267 0.0032500000670552254
			vertex 0.00048438736121170223 0.0044999998062849045 0.0032137001398950815
			vertex 0.00048438736121170223 -0.00930000003427267 0.0032137001398950815
		endloop
	endfacet
	facet normal -0.07473032426656188 -2.221638692968483e-18 -0.9972037798940668
		outer loop
			vertex 4.1025666501034857e-19 -0.00930000003427267 0.0032500000670552254
			vertex 0 0.0044999998062849045 0.0032500000670552254
			vertex 0.00048438736121170223 0.0044999998062849045 0.0032137001398950815
		endloop
	endfacet
endsolid exported
